run_id,start_time,cfg_hash,track,source,target,git_commit,experiment
7616f841196545c889654f88172326f9,2026-10-08 19:04:32.424000+00:00,54b3b76bc6,nf43,nf_ton_v2,nf_cse_cic18_v2,470d35ac3f7c22eac367dc20e072751cedf1209a,c10
dcda1d3f4298464b8e9b5d12c82d54cc,2026-10-08 19:02:14.547000+00:00,8e52a7682c,nf43,nf_ton_v2,nf_unsw_v2,470d35ac3f7c22eac367dc20e072751cedf1209a,c10
484f8840309c44409a79d540769a7287,2026-10-08 19:00:08.311000+00:00,95b8fad8cb,nf43,nf_cse_cic18_v2,nf_ton_v2,470d35ac3f7c22eac367dc20e072751cedf1209a,c10
16642804f1dc42d7ac50a8b8c43ee244,2026-10-08 18:57:17.107000+00:00,e057a4c71c,nf43,nf_cse_cic18_v2,nf_unsw_v2,470d35ac3f7c22eac367dc20e072751cedf1209a,c10
17fa926c8b1a4c098eeb26867221678e,2026-10-08 18:54:43.166000+00:00,4ce7bbf84e,nf43,nf_unsw_v2,nf_ton_v2,470d35ac3f7c22eac367dc20e072751cedf1209a,c10
3d8f79024b2945ea97427896f87d0f21,2026-10-08 18:52:54.125000+00:00,73b8d1b57f,nf43,nf_unsw_v2,nf_cse_cic18_v2,470d35ac3f7c22eac367dc20e072751cedf1209a,c10
f2c596e0182b40b28ba9360df2aaa4d8,2026-10-08 18:51:15.013000+00:00,445aca6761,cic77,lycos18,lycos17,470d35ac3f7c22eac367dc20e072751cedf1209a,c10
5ed4820ea38f41e5878afa39d424b4a6,2026-10-08 18:45:08.408000+00:00,5f6014fab6,cic77,lycos17,lycos18,470d35ac3f7c22eac367dc20e072751cedf1209a,c10
3e962d6757c04e22ae3d738c32cffff1,2026-10-07 12:38:37.494000+00:00,3b05f8929f,nf43,nf_ton_v2,nf_cse_cic18_v2,40380203e28971ed9dc7aa824e3094c3fb6db96e,c10
0b12ad5b974c44d58a107834c08942d8,2026-10-07 12:36:17.969000+00:00,741c2300fc,nf43,nf_ton_v2,nf_unsw_v2,40380203e28971ed9dc7aa824e3094c3fb6db96e,c10
5b8df6cea26f444e94ff4a57686599cc,2026-10-07 12:34:13.252000+00:00,701c182b0a,nf43,nf_cse_cic18_v2,nf_ton_v2,40380203e28971ed9dc7aa824e3094c3fb6db96e,c10
5eddb153eefe43729ff0d3357b78b571,2026-10-07 12:31:24.452000+00:00,2feb841e12,nf43,nf_cse_cic18_v2,nf_unsw_v2,40380203e28971ed9dc7aa824e3094c3fb6db96e,c10
01044874cadb4bcd86becc87cc78a683,2026-10-07 12:28:57.438000+00:00,71473cdecb,nf43,nf_unsw_v2,nf_ton_v2,40380203e28971ed9dc7aa824e3094c3fb6db96e,c10
6ceeca1bffb64d9c8f8a94834f6490f3,2026-10-07 12:27:15.372000+00:00,264a0d78b8,nf43,nf_unsw_v2,nf_cse_cic18_v2,40380203e28971ed9dc7aa824e3094c3fb6db96e,c10
3fab69e75a644b45aa5672b670b43cd0,2026-10-07 12:25:42.177000+00:00,4dd574445a,cic77,lycos18,lycos17,40380203e28971ed9dc7aa824e3094c3fb6db96e,c10
09f1fc9eb56b453e8c750ea85c8eeffc,2026-10-07 12:19:46.784000+00:00,588c2ecf67,cic77,lycos17,lycos18,40380203e28971ed9dc7aa824e3094c3fb6db96e,c10
c0c55fe7bcbf46888aa2d5ac31cc036e,2026-10-07 12:16:11.907000+00:00,ea32e77b92,cic77,lycos17,lycos18,27fdc9d2e95ed5a44501c77d5887b0ec7d89c6e8,c10
be797c42afb3415ca7908554e0855591,2026-10-08 19:05:21.474000+00:00,b2d6131718,,,,470d35ac3f7c22eac367dc20e072751cedf1209a,c11
f7905e31eec948ae87c45384356a0c61,2026-10-07 12:39:57.785000+00:00,027cc4378b,,,,40380203e28971ed9dc7aa824e3094c3fb6db96e,c11
