run_id,start_time,cfg_hash,seed,track,target,git_commit,experiment
5e74c0885777481f8528dfec3f4101ab,2026-10-08 11:14:50.785000+00:00,705494dcb6,2,core,nf_ton_v2,616c6ebe186caac48ea2595f4a0da580cbac53bd,c12
825d464218184b86844617dfa7398baf,2026-10-08 11:09:22.734000+00:00,705494dcb6,1,core,nf_ton_v2,616c6ebe186caac48ea2595f4a0da580cbac53bd,c12
d4ca7c2d31a14055891fb2bd5bd0c45d,2026-10-08 11:03:49.705000+00:00,705494dcb6,0,core,nf_ton_v2,616c6ebe186caac48ea2595f4a0da580cbac53bd,c12
e5e8790c023c4ec5857c248a7887e175,2026-10-08 10:58:16.126000+00:00,d2c5e6f8ed,2,core,nf_cse_cic18_v2,616c6ebe186caac48ea2595f4a0da580cbac53bd,c12
43913071727c446d8a42f93fadf7973d,2026-10-08 10:52:40.602000+00:00,d2c5e6f8ed,1,core,nf_cse_cic18_v2,616c6ebe186caac48ea2595f4a0da580cbac53bd,c12
e58eb008d3474235b29c1b898aaf48f7,2026-10-08 10:47:03.396000+00:00,d2c5e6f8ed,0,core,nf_cse_cic18_v2,616c6ebe186caac48ea2595f4a0da580cbac53bd,c12
53090085e71844a693aa527e72b60c92,2026-10-08 10:41:29.561000+00:00,746f95a4db,2,core,nf_unsw_v2,616c6ebe186caac48ea2595f4a0da580cbac53bd,c12
1f467b01b6514393b1ee7290be1be0a7,2026-10-08 10:35:57.753000+00:00,746f95a4db,1,core,nf_unsw_v2,616c6ebe186caac48ea2595f4a0da580cbac53bd,c12
1c7142b1d59f4631befd86ef5e0f8f34,2026-10-08 10:30:26.940000+00:00,746f95a4db,0,core,nf_unsw_v2,616c6ebe186caac48ea2595f4a0da580cbac53bd,c12
648292a130814504bd89f0e3f14a3209,2026-10-08 10:24:56.236000+00:00,46411a98a8,2,core,lycos18,616c6ebe186caac48ea2595f4a0da580cbac53bd,c12
40a928a853244474b40ce9f2252dc68a,2026-10-08 10:19:00.880000+00:00,46411a98a8,1,core,lycos18,616c6ebe186caac48ea2595f4a0da580cbac53bd,c12
9468a046eb524d64a9da79a3b1eb1683,2026-10-08 10:13:02.497000+00:00,46411a98a8,0,core,lycos18,616c6ebe186caac48ea2595f4a0da580cbac53bd,c12
01263adf43104bcfbc827566c73b9a80,2026-10-08 10:07:03.909000+00:00,9b67a86724,2,core,lycos17,616c6ebe186caac48ea2595f4a0da580cbac53bd,c12
3927b01dd311488184d90a8c4d463876,2026-10-08 10:01:01.828000+00:00,9b67a86724,1,core,lycos17,616c6ebe186caac48ea2595f4a0da580cbac53bd,c12
4cbbcf2ddb234b2bb7e82cc1b1365926,2026-10-08 09:55:21.513000+00:00,9b67a86724,0,core,lycos17,616c6ebe186caac48ea2595f4a0da580cbac53bd,c12
238ba29566e14abb89a9d7ddf5487d07,2026-10-08 09:49:42.427000+00:00,c3289221ad,2,nf43,nf_ton_v2,616c6ebe186caac48ea2595f4a0da580cbac53bd,c12
f80347f79d2746a9b7a574a35ff85a59,2026-10-08 09:43:29.361000+00:00,c3289221ad,1,nf43,nf_ton_v2,616c6ebe186caac48ea2595f4a0da580cbac53bd,c12
c869fad2068941f6bf62b0f1dc79cf88,2026-10-08 09:37:15.917000+00:00,c3289221ad,0,nf43,nf_ton_v2,616c6ebe186caac48ea2595f4a0da580cbac53bd,c12
ed6939d168bc404cbe4c5bfa48026edb,2026-10-08 09:30:57.967000+00:00,be045339b3,2,nf43,nf_cse_cic18_v2,616c6ebe186caac48ea2595f4a0da580cbac53bd,c12
aba01d27453842e1b8809cd00db9182e,2026-10-08 09:24:27.053000+00:00,be045339b3,1,nf43,nf_cse_cic18_v2,616c6ebe186caac48ea2595f4a0da580cbac53bd,c12
f82366228b1143fcb44f81ed70982ab2,2026-10-08 09:17:50.189000+00:00,be045339b3,0,nf43,nf_cse_cic18_v2,616c6ebe186caac48ea2595f4a0da580cbac53bd,c12
270ea1da3b524247a56b3ff434a47148,2026-10-08 09:11:03.103000+00:00,62d7d65d4c,2,nf43,nf_unsw_v2,616c6ebe186caac48ea2595f4a0da580cbac53bd,c12
01cd22f22c4c4f9db3dbb4528d870dcb,2026-10-08 09:04:26.353000+00:00,62d7d65d4c,1,nf43,nf_unsw_v2,616c6ebe186caac48ea2595f4a0da580cbac53bd,c12
d3ef1cf215a54c08a0d706bd95209600,2026-10-08 08:57:43.977000+00:00,62d7d65d4c,0,nf43,nf_unsw_v2,616c6ebe186caac48ea2595f4a0da580cbac53bd,c12
