run_id,start_time,cfg_hash,seed,model,track,source,study,git_commit,experiment
69738fa8672b497a8532b78ddc7483f1,2026-10-07 03:11:51.867000+00:00,273c5ca56e,2,tabnet,cic77,lycos17,,673ede450e5665354517726c74685a9f1de04097,train
2ae82ccb72ef4ad1ba6b2f379e949c55,2026-10-07 03:07:03.063000+00:00,273c5ca56e,1,tabnet,cic77,lycos17,,673ede450e5665354517726c74685a9f1de04097,train
4af0f56937d448c194582548d496f80d,2026-10-07 03:02:52.472000+00:00,273c5ca56e,0,tabnet,cic77,lycos17,,673ede450e5665354517726c74685a9f1de04097,train
e9dea98e0b9b42ba8ab092fdbdde3569,2026-10-07 03:02:31.181000+00:00,332d3e85e4,2,ae,cic77,lycos17,,673ede450e5665354517726c74685a9f1de04097,train
fbcd64ea3ce94a2c9e8e514e27186b1f,2026-10-07 03:02:18.109000+00:00,332d3e85e4,1,ae,cic77,lycos17,,673ede450e5665354517726c74685a9f1de04097,train
476f8f646d9f43d8820f4e45c9b5222e,2026-10-07 03:02:00.734000+00:00,332d3e85e4,0,ae,cic77,lycos17,,673ede450e5665354517726c74685a9f1de04097,train
935710d94df84090a86e4f3d35423969,2026-10-07 03:01:36.453000+00:00,3c928cd286,2,mlp,cic77,lycos17,,673ede450e5665354517726c74685a9f1de04097,train
98605b0271224d7bb7e8c79cb422b99c,2026-10-07 03:01:23.382000+00:00,3c928cd286,1,mlp,cic77,lycos17,,673ede450e5665354517726c74685a9f1de04097,train
b3b0957709c944de8c2b52613fd771f7,2026-10-07 03:01:07.784000+00:00,3c928cd286,0,mlp,cic77,lycos17,,673ede450e5665354517726c74685a9f1de04097,train
f659ba293f8540c9a67a96596969deb6,2026-10-07 03:00:51.312000+00:00,c6f1e69684,2,xgb,cic77,lycos17,,673ede450e5665354517726c74685a9f1de04097,train
fb0fc19f98e44e35ad50113b80859ba3,2026-10-07 03:00:39.345000+00:00,c6f1e69684,1,xgb,cic77,lycos17,,673ede450e5665354517726c74685a9f1de04097,train
30c8bea96fbf49abb852e01153462164,2026-10-07 03:00:27.063000+00:00,c6f1e69684,0,xgb,cic77,lycos17,,673ede450e5665354517726c74685a9f1de04097,train
b4f3a28f7fd74d4ca8f4aed9a8aaae9d,2026-10-07 02:57:35.011000+00:00,f82745f2b7,2,rf,cic77,lycos17,,673ede450e5665354517726c74685a9f1de04097,train
55e33485f7a24858992acd41807a82bd,2026-10-07 02:54:51.947000+00:00,f82745f2b7,1,rf,cic77,lycos17,,673ede450e5665354517726c74685a9f1de04097,train
ef0b0a10e9ce4d8fbc662bf1aaf73bc6,2026-10-07 02:52:09.240000+00:00,f82745f2b7,0,rf,cic77,lycos17,,673ede450e5665354517726c74685a9f1de04097,train
09de0f1063024664a833ca50e8494fa4,2026-10-07 02:50:37.848000+00:00,f1070aeb0b,2,dt,cic77,lycos17,,673ede450e5665354517726c74685a9f1de04097,train
96e19ee5280e47ab8cda53411c575044,2026-10-07 02:49:09.277000+00:00,f1070aeb0b,1,dt,cic77,lycos17,,673ede450e5665354517726c74685a9f1de04097,train
ae9058ac3b7c416ea333c59121746217,2026-10-07 02:47:39.503000+00:00,f1070aeb0b,0,dt,cic77,lycos17,,673ede450e5665354517726c74685a9f1de04097,train
cb6f595a3e504ccf8231400f3d0c2567,2026-10-07 02:47:26.430000+00:00,4cc15d0046,2,lda,cic77,lycos17,,673ede450e5665354517726c74685a9f1de04097,train
95d3e4206ce74363842250a1ecec1773,2026-10-07 02:47:18.267000+00:00,4cc15d0046,1,lda,cic77,lycos17,,673ede450e5665354517726c74685a9f1de04097,train
db1a1da5e89e4f788827d1dffb2dad3a,2026-10-07 02:47:09.759000+00:00,4cc15d0046,0,lda,cic77,lycos17,,673ede450e5665354517726c74685a9f1de04097,train
cee925b3b95844acae6ea2e86696e1ef,2026-10-07 02:40:01.590000+00:00,28e41f5b17,2,tabnet,cic_orig,cic17_orig,,673ede450e5665354517726c74685a9f1de04097,train
e2529d54dc8a4ca6853a03a6c42e0758,2026-10-07 02:32:43.851000+00:00,28e41f5b17,1,tabnet,cic_orig,cic17_orig,,673ede450e5665354517726c74685a9f1de04097,train
6c415e93558b4708910461cd03484f48,2026-10-07 02:25:27.726000+00:00,28e41f5b17,0,tabnet,cic_orig,cic17_orig,,673ede450e5665354517726c74685a9f1de04097,train
b4e0e7f9c55e48ac8ba7bbe6e6f3a133,2026-10-07 02:20:14.161000+00:00,c6adc9fd4c,2,tabnet,nf43,nf_ton_v2,,673ede450e5665354517726c74685a9f1de04097,train
180a8159789e46eaa513b921251c7183,2026-10-07 02:15:13.293000+00:00,c6adc9fd4c,1,tabnet,nf43,nf_ton_v2,,673ede450e5665354517726c74685a9f1de04097,train
8114ac89beb445c5a6168893303b6beb,2026-10-07 02:11:53.630000+00:00,c6adc9fd4c,0,tabnet,nf43,nf_ton_v2,,673ede450e5665354517726c74685a9f1de04097,train
185f88b68cac478b9258bf5cac585a41,2026-10-07 02:06:17.587000+00:00,901b538722,2,tabnet,nf43,nf_cse_cic18_v2,,673ede450e5665354517726c74685a9f1de04097,train
59ab953c3337427cb7465ffd10733925,2026-10-07 02:00:34.429000+00:00,901b538722,1,tabnet,nf43,nf_cse_cic18_v2,,673ede450e5665354517726c74685a9f1de04097,train
2f5290c5df1f4b7fa46a9ca28f1184eb,2026-10-07 01:55:55.424000+00:00,901b538722,0,tabnet,nf43,nf_cse_cic18_v2,,673ede450e5665354517726c74685a9f1de04097,train
d0a41dd22f134f86b4149274388b8042,2026-10-07 01:53:53.264000+00:00,af67ea254e,0,tabnet,nf43,nf_unsw_v2,,673ede450e5665354517726c74685a9f1de04097,train
449c7b92d95b42518da74c99c7a4e4a3,2026-10-07 01:38:37.047000+00:00,e779d2fd7b,2,tabnet,cic77,lycos18,,673ede450e5665354517726c74685a9f1de04097,train
1819c8ad32594aea85a399dccbdc4e53,2026-10-07 01:24:06.090000+00:00,e779d2fd7b,1,tabnet,cic77,lycos18,,673ede450e5665354517726c74685a9f1de04097,train
785072221d3246d49dfe79e574b33704,2026-10-07 01:11:37.857000+00:00,e779d2fd7b,0,tabnet,cic77,lycos18,,673ede450e5665354517726c74685a9f1de04097,train
89eb775e1ea34a16a1ac8bf2a31036c2,2026-10-07 01:06:31.784000+00:00,885e26c62f,2,tabnet,cic77,lycos17,,673ede450e5665354517726c74685a9f1de04097,train
9a7736dccc164f9a84508d86bc934c80,2026-10-07 01:01:26.022000+00:00,885e26c62f,1,tabnet,cic77,lycos17,,673ede450e5665354517726c74685a9f1de04097,train
a9c2c1bbdb894c8596a678a2433d0abf,2026-10-07 00:56:13.135000+00:00,885e26c62f,0,tabnet,cic77,lycos17,,9c7fc1fd13f8f1d2cee33c95588ae90288dde6e9,train
5e9fd5f2462945f895bc302513fc401a,2026-10-07 00:53:43.336000+00:00,af67ea254e,2,tabnet,nf43,nf_unsw_v2,,9c7fc1fd13f8f1d2cee33c95588ae90288dde6e9,train
ce3a2e31b87a42aa9d88b7fadda56104,2026-10-07 00:51:33.762000+00:00,af67ea254e,1,tabnet,nf43,nf_unsw_v2,,9c7fc1fd13f8f1d2cee33c95588ae90288dde6e9,train
30bf5400d154485f9b8d32d2b51d6431,2026-10-07 00:48:59.742000+00:00,8c84fb4859,2,xgb,core,nf_ton_v2,,42815dcaf430b16fc26f740425e71ad08a3a2041,train
9bc135df75864589916a1e33e79c8c7a,2026-10-07 00:48:37.348000+00:00,8c84fb4859,1,xgb,core,nf_ton_v2,,42815dcaf430b16fc26f740425e71ad08a3a2041,train
a0444b48788c4ee68d301ece1208a083,2026-10-07 00:48:14.909000+00:00,8c84fb4859,0,xgb,core,nf_ton_v2,,42815dcaf430b16fc26f740425e71ad08a3a2041,train
ec521bed2e164cb3b9260ff37d247a60,2026-10-07 00:47:54.631000+00:00,276e442c97,2,xgb,core,nf_cse_cic18_v2,,42815dcaf430b16fc26f740425e71ad08a3a2041,train
38c58c54c91440f393a600ad560b2ef0,2026-10-07 00:47:34.437000+00:00,276e442c97,1,xgb,core,nf_cse_cic18_v2,,42815dcaf430b16fc26f740425e71ad08a3a2041,train
dec2587d113f49d7b6ac286f944d4339,2026-10-07 00:47:14.274000+00:00,276e442c97,0,xgb,core,nf_cse_cic18_v2,,42815dcaf430b16fc26f740425e71ad08a3a2041,train
2b48412c1573448aa6b82480221ea8d7,2026-10-07 00:47:08.962000+00:00,7df5a8452b,2,xgb,core,nf_unsw_v2,,42815dcaf430b16fc26f740425e71ad08a3a2041,train
0c93346702974e1798b591c3cf6c65a1,2026-10-07 00:47:03.659000+00:00,7df5a8452b,1,xgb,core,nf_unsw_v2,,42815dcaf430b16fc26f740425e71ad08a3a2041,train
6292f7ccb9884efd8e90d2c007c1e174,2026-10-07 00:46:58.362000+00:00,7df5a8452b,0,xgb,core,nf_unsw_v2,,42815dcaf430b16fc26f740425e71ad08a3a2041,train
35874390a3aa44579bd323c987925602,2026-10-07 00:46:42.724000+00:00,cf26ad4deb,2,xgb,core,lycos18,,42815dcaf430b16fc26f740425e71ad08a3a2041,train
b0c2e06667d54b749bc1626b5f053db8,2026-10-07 00:46:27.205000+00:00,cf26ad4deb,1,xgb,core,lycos18,,42815dcaf430b16fc26f740425e71ad08a3a2041,train
c5e5f5aed949468cb313493f4199af1a,2026-10-07 00:46:11.514000+00:00,cf26ad4deb,0,xgb,core,lycos18,,42815dcaf430b16fc26f740425e71ad08a3a2041,train
a3a8966dfade4c2da692b0b8727e0b34,2026-10-07 00:46:05.824000+00:00,0c452d2314,2,xgb,core,lycos17,,42815dcaf430b16fc26f740425e71ad08a3a2041,train
1eff4a80fd4247d097e9c5182c7f56f0,2026-10-07 00:46:00.147000+00:00,0c452d2314,1,xgb,core,lycos17,,42815dcaf430b16fc26f740425e71ad08a3a2041,train
4b14033f573f4237881122819a14d58f,2026-10-07 00:45:54.120000+00:00,0c452d2314,0,xgb,core,lycos17,,42815dcaf430b16fc26f740425e71ad08a3a2041,train
4487e00b98d94359a995856d3fcdda86,2026-10-07 00:45:43.907000+00:00,79f4fa38ab,2,lda,core,nf_ton_v2,,42815dcaf430b16fc26f740425e71ad08a3a2041,train
222949f841bb43c294182fc971b66a58,2026-10-07 00:45:38.323000+00:00,79f4fa38ab,1,lda,core,nf_ton_v2,,42815dcaf430b16fc26f740425e71ad08a3a2041,train
66998c438f17499296e0d949087137ba,2026-10-07 00:45:32.615000+00:00,79f4fa38ab,0,lda,core,nf_ton_v2,,42815dcaf430b16fc26f740425e71ad08a3a2041,train
f1a7f32867234b26bba7da358db4edc0,2026-10-07 00:45:26.503000+00:00,a1f3c873af,2,lda,core,nf_cse_cic18_v2,,42815dcaf430b16fc26f740425e71ad08a3a2041,train
ca964051a5e94889a9722ba546cdfb4d,2026-10-07 00:45:20.365000+00:00,a1f3c873af,1,lda,core,nf_cse_cic18_v2,,42815dcaf430b16fc26f740425e71ad08a3a2041,train
5a0bc7d188444139b6438918d2b04798,2026-10-07 00:45:14.279000+00:00,a1f3c873af,0,lda,core,nf_cse_cic18_v2,,42815dcaf430b16fc26f740425e71ad08a3a2041,train
13b157896f2a408aa3bfdd9b85862f89,2026-10-07 00:45:10.319000+00:00,e49e0d2403,2,lda,core,nf_unsw_v2,,42815dcaf430b16fc26f740425e71ad08a3a2041,train
403824385c5044ba94e5534dea72f62c,2026-10-07 00:45:06.296000+00:00,e49e0d2403,1,lda,core,nf_unsw_v2,,42815dcaf430b16fc26f740425e71ad08a3a2041,train
15a0db29f9e44c14899c8e36421d1b0a,2026-10-07 00:45:02.313000+00:00,e49e0d2403,0,lda,core,nf_unsw_v2,,42815dcaf430b16fc26f740425e71ad08a3a2041,train
6019f32955484151b1d59bc33fde4beb,2026-10-07 00:44:53.621000+00:00,5f751da9e1,2,lda,core,lycos18,,42815dcaf430b16fc26f740425e71ad08a3a2041,train
033c5a2d7c514dd48742e886406985e6,2026-10-07 00:44:44.950000+00:00,5f751da9e1,1,lda,core,lycos18,,42815dcaf430b16fc26f740425e71ad08a3a2041,train
c56fdeb78b8f4bdf867aa5081cf0e083,2026-10-07 00:44:36.170000+00:00,5f751da9e1,0,lda,core,lycos18,,42815dcaf430b16fc26f740425e71ad08a3a2041,train
566f88caa05a4d64a6235db8d4764262,2026-10-07 00:44:31.230000+00:00,319d9fa452,2,lda,core,lycos17,,42815dcaf430b16fc26f740425e71ad08a3a2041,train
a2d73f704735497eada45c109e829791,2026-10-07 00:44:26.210000+00:00,319d9fa452,1,lda,core,lycos17,,42815dcaf430b16fc26f740425e71ad08a3a2041,train
fde572c63ecf45eabe364daddcd3a58f,2026-10-07 00:44:21.103000+00:00,319d9fa452,0,lda,core,lycos17,,42815dcaf430b16fc26f740425e71ad08a3a2041,train
f4fc1bdb480b41b4a838bb53ca0054a5,2026-10-07 00:43:45.562000+00:00,e7144b8d64,2,mlp,core,nf_ton_v2,,42815dcaf430b16fc26f740425e71ad08a3a2041,train
a6ac10d60fb34eacb7e46c8a0964c06c,2026-10-07 00:43:14.709000+00:00,e7144b8d64,1,mlp,core,nf_ton_v2,,42815dcaf430b16fc26f740425e71ad08a3a2041,train
9c17b26e6f08419c8a81513faff8ae45,2026-10-07 00:42:43.719000+00:00,e7144b8d64,0,mlp,core,nf_ton_v2,,42815dcaf430b16fc26f740425e71ad08a3a2041,train
efe94014bdd54f739e597cad087a93e0,2026-10-07 00:42:11.250000+00:00,713118d27d,2,mlp,core,nf_cse_cic18_v2,,42815dcaf430b16fc26f740425e71ad08a3a2041,train
b602122749334b0ca6c85e522c4f7399,2026-10-07 00:41:37.643000+00:00,713118d27d,1,mlp,core,nf_cse_cic18_v2,,42815dcaf430b16fc26f740425e71ad08a3a2041,train
389f299b6a9e48dd9a5e6ef5690fd082,2026-10-07 00:41:04.335000+00:00,713118d27d,0,mlp,core,nf_cse_cic18_v2,,42815dcaf430b16fc26f740425e71ad08a3a2041,train
4d5ec171e5304d8a95e0d428ee9498aa,2026-10-07 00:40:54.114000+00:00,7f2a6ff8f5,2,mlp,core,nf_unsw_v2,,42815dcaf430b16fc26f740425e71ad08a3a2041,train
59e9a42ec299408399db824542358094,2026-10-07 00:40:44.271000+00:00,7f2a6ff8f5,1,mlp,core,nf_unsw_v2,,42815dcaf430b16fc26f740425e71ad08a3a2041,train
ec3495995a0740d3bf167d6018d43bd7,2026-10-07 00:40:31.019000+00:00,7f2a6ff8f5,0,mlp,core,nf_unsw_v2,,42815dcaf430b16fc26f740425e71ad08a3a2041,train
b1f218df44994d34995a6679a47f5e8b,2026-10-07 00:39:40.345000+00:00,867371b1c3,2,mlp,core,lycos18,,42815dcaf430b16fc26f740425e71ad08a3a2041,train
fab9a229479d4256b4871994b0bdc04b,2026-10-07 00:38:53.956000+00:00,867371b1c3,1,mlp,core,lycos18,,42815dcaf430b16fc26f740425e71ad08a3a2041,train
fa84d683e684410292798547da785ce0,2026-10-07 00:38:31.253000+00:00,867371b1c3,0,mlp,core,lycos18,,42815dcaf430b16fc26f740425e71ad08a3a2041,train
d034624ca26d40a1b502e1e18d7f7afb,2026-10-07 00:38:18.133000+00:00,9e5d54355e,2,mlp,core,lycos17,,42815dcaf430b16fc26f740425e71ad08a3a2041,train
8198188b97504b2fbf3078ebaa7a185f,2026-10-07 00:37:59.637000+00:00,9e5d54355e,1,mlp,core,lycos17,,42815dcaf430b16fc26f740425e71ad08a3a2041,train
c4f8909613f548789211bf4fc9aa5e4c,2026-10-07 00:37:45.660000+00:00,9e5d54355e,0,mlp,core,lycos17,,42815dcaf430b16fc26f740425e71ad08a3a2041,train
751476bd2d42442eb778f02d4485b83c,2026-10-07 00:36:08.883000+00:00,fd963a6d0b,2,rf,core,nf_ton_v2,,42815dcaf430b16fc26f740425e71ad08a3a2041,train
e9ce01613ac74138aae0c97c6004318c,2026-10-07 00:34:36.375000+00:00,fd963a6d0b,1,rf,core,nf_ton_v2,,42815dcaf430b16fc26f740425e71ad08a3a2041,train
b78ac97f8ab24d4db65dcf11d5e42bbf,2026-10-07 00:33:03.009000+00:00,fd963a6d0b,0,rf,core,nf_ton_v2,,42815dcaf430b16fc26f740425e71ad08a3a2041,train
ed4a19527d024ad5a58e97cb8260b46e,2026-10-07 00:30:30.735000+00:00,5f88faa48f,2,rf,core,nf_cse_cic18_v2,,42815dcaf430b16fc26f740425e71ad08a3a2041,train
80526a0288cc48b2a8046c0599c6630c,2026-10-07 00:27:58.181000+00:00,5f88faa48f,1,rf,core,nf_cse_cic18_v2,,42815dcaf430b16fc26f740425e71ad08a3a2041,train
cb60b176643646bd886764d35c533e8d,2026-10-07 00:25:24.619000+00:00,5f88faa48f,0,rf,core,nf_cse_cic18_v2,,42815dcaf430b16fc26f740425e71ad08a3a2041,train
be2a68d4070847eea6b5c8d2894b7e49,2026-10-07 00:24:46.009000+00:00,32653f3e2b,2,rf,core,nf_unsw_v2,,42815dcaf430b16fc26f740425e71ad08a3a2041,train
e9f8d9a4f29547888a8ed29a05388356,2026-10-07 00:24:07.493000+00:00,32653f3e2b,1,rf,core,nf_unsw_v2,,42815dcaf430b16fc26f740425e71ad08a3a2041,train
d89bd3dcdfd74726b2cee87d3c147500,2026-10-07 00:23:28.821000+00:00,32653f3e2b,0,rf,core,nf_unsw_v2,,42815dcaf430b16fc26f740425e71ad08a3a2041,train
3af3f0c7e87540ec95066d8b6c36ceaf,2026-10-07 00:20:34.402000+00:00,8aa67781cb,2,rf,core,lycos18,,42815dcaf430b16fc26f740425e71ad08a3a2041,train
ab6e5bafd8804567808806328dfced89,2026-10-07 00:17:39.728000+00:00,8aa67781cb,1,rf,core,lycos18,,42815dcaf430b16fc26f740425e71ad08a3a2041,train
f21b3fcb5f904b1a86f004663ddb64aa,2026-10-07 00:14:43.046000+00:00,8aa67781cb,0,rf,core,lycos18,,42815dcaf430b16fc26f740425e71ad08a3a2041,train
4eeac4cdc22c430d9b1ee551ad654f90,2026-10-07 00:13:23.529000+00:00,152c7add89,2,rf,core,lycos17,,42815dcaf430b16fc26f740425e71ad08a3a2041,train
4e5f0eced9664bcea7161525e5766a37,2026-10-07 00:12:04.990000+00:00,152c7add89,1,rf,core,lycos17,,42815dcaf430b16fc26f740425e71ad08a3a2041,train
8af8588529634040a1f67a90ccb0e090,2026-10-07 00:10:45.126000+00:00,152c7add89,0,rf,core,lycos17,,42815dcaf430b16fc26f740425e71ad08a3a2041,train
e80ca49cf734408b96ebf6801e2ab4d5,2026-10-06 23:59:11.965000+00:00,f180f0aac4,2,ae,cic_orig,cic17_orig,,42815dcaf430b16fc26f740425e71ad08a3a2041,train
d57a4dc168d941278bf2474bd387deda,2026-10-06 23:58:45.968000+00:00,f180f0aac4,1,ae,cic_orig,cic17_orig,,42815dcaf430b16fc26f740425e71ad08a3a2041,train
73827623a8014e7d9331cca03a6ad180,2026-10-06 23:58:18.461000+00:00,f180f0aac4,0,ae,cic_orig,cic17_orig,,42815dcaf430b16fc26f740425e71ad08a3a2041,train
76850a40837a42a5b82575ad9c850b35,2026-10-06 23:57:50.852000+00:00,26231df57e,2,mlp,cic_orig,cic17_orig,,42815dcaf430b16fc26f740425e71ad08a3a2041,train
c37bd128fccf4469aeeb579d604108da,2026-10-06 23:57:25.612000+00:00,26231df57e,1,mlp,cic_orig,cic17_orig,,42815dcaf430b16fc26f740425e71ad08a3a2041,train
48d15c2e4ffa4c4eb50fee96edc06b38,2026-10-06 23:57:00.723000+00:00,26231df57e,0,mlp,cic_orig,cic17_orig,,42815dcaf430b16fc26f740425e71ad08a3a2041,train
502039521fa947fdbb4561966d804437,2026-10-06 23:56:34.470000+00:00,9fb8ff06df,2,xgb,cic_orig,cic17_orig,,42815dcaf430b16fc26f740425e71ad08a3a2041,train
06eca2ce8c014080a665d0d390728b5d,2026-10-06 23:56:12.773000+00:00,9fb8ff06df,1,xgb,cic_orig,cic17_orig,,42815dcaf430b16fc26f740425e71ad08a3a2041,train
10a4d7a7638d438aa9f33c75c410b08b,2026-10-06 23:55:50.700000+00:00,9fb8ff06df,0,xgb,cic_orig,cic17_orig,,42815dcaf430b16fc26f740425e71ad08a3a2041,train
f37a1720d79a4c8ebfcd73e06e94789f,2026-10-06 23:50:35.687000+00:00,131b4e8c52,2,rf,cic_orig,cic17_orig,,42815dcaf430b16fc26f740425e71ad08a3a2041,train
04e809a2cb8943c7b08c6a64117538a6,2026-10-06 23:45:25.380000+00:00,131b4e8c52,1,rf,cic_orig,cic17_orig,,42815dcaf430b16fc26f740425e71ad08a3a2041,train
ef7cd535d9334f9788be4fd8ef1578c5,2026-10-06 23:40:18.819000+00:00,131b4e8c52,0,rf,cic_orig,cic17_orig,,42815dcaf430b16fc26f740425e71ad08a3a2041,train
68bc1432e3fb4da9bc5a679a212819cd,2026-10-06 23:37:47.105000+00:00,2009201de6,2,dt,cic_orig,cic17_orig,,42815dcaf430b16fc26f740425e71ad08a3a2041,train
a2c20902af214dbcbd99fcab586b695e,2026-10-06 23:35:19.345000+00:00,2009201de6,1,dt,cic_orig,cic17_orig,,42815dcaf430b16fc26f740425e71ad08a3a2041,train
5e1456df6723407d83ec793cda935bdf,2026-10-06 23:32:51.705000+00:00,2009201de6,0,dt,cic_orig,cic17_orig,,42815dcaf430b16fc26f740425e71ad08a3a2041,train
0ddfaa0f7db34474b2d889f168bc9f8e,2026-10-06 23:32:35.475000+00:00,9eff527111,2,lda,cic_orig,cic17_orig,,42815dcaf430b16fc26f740425e71ad08a3a2041,train
503deb0a072d46a68bd9897569d3c652,2026-10-06 23:32:23.998000+00:00,9eff527111,1,lda,cic_orig,cic17_orig,,42815dcaf430b16fc26f740425e71ad08a3a2041,train
d586a2b25b7341949829edd4aa9c9a65,2026-10-06 23:32:12.240000+00:00,9eff527111,0,lda,cic_orig,cic17_orig,,42815dcaf430b16fc26f740425e71ad08a3a2041,train
2c2b8042cdb446fab8622c272a619ac4,2026-10-06 23:07:08.335000+00:00,8c33f0de96,2,ae,nf43,nf_ton_v2,,42815dcaf430b16fc26f740425e71ad08a3a2041,train
2168224fb5cb40d8ac7bbafbc529c1b4,2026-10-06 23:06:55.044000+00:00,8c33f0de96,1,ae,nf43,nf_ton_v2,,42815dcaf430b16fc26f740425e71ad08a3a2041,train
5b8dc7727d2341d7b2975bab85793813,2026-10-06 23:06:41.602000+00:00,8c33f0de96,0,ae,nf43,nf_ton_v2,,42815dcaf430b16fc26f740425e71ad08a3a2041,train
aeed183fa363422788482e05243830e9,2026-10-06 23:06:19.390000+00:00,cfa803b9d1,2,ae,nf43,nf_cse_cic18_v2,,42815dcaf430b16fc26f740425e71ad08a3a2041,train
0565a27bb2dc450e88ff56822ebc3483,2026-10-06 23:05:57.283000+00:00,cfa803b9d1,1,ae,nf43,nf_cse_cic18_v2,,42815dcaf430b16fc26f740425e71ad08a3a2041,train
5b8ba4ec976b4d4c84fc332daf4ed489,2026-10-06 23:05:35.058000+00:00,cfa803b9d1,0,ae,nf43,nf_cse_cic18_v2,,42815dcaf430b16fc26f740425e71ad08a3a2041,train
033dfe1666b24278abd52fd399180a97,2026-10-06 23:05:24+00:00,a4f10e5c62,2,ae,nf43,nf_unsw_v2,,42815dcaf430b16fc26f740425e71ad08a3a2041,train
f7714aec76e94904a441a12c14ac93bd,2026-10-06 23:05:12.969000+00:00,a4f10e5c62,1,ae,nf43,nf_unsw_v2,,42815dcaf430b16fc26f740425e71ad08a3a2041,train
32b2f6ff38a54098a602654d0525f2ef,2026-10-06 23:05:01.679000+00:00,a4f10e5c62,0,ae,nf43,nf_unsw_v2,,42815dcaf430b16fc26f740425e71ad08a3a2041,train
912d1701f7754e778ee87b1a2cb67508,2026-10-06 23:04:23.568000+00:00,2a27a9271e,2,dt,nf43,nf_ton_v2,,42815dcaf430b16fc26f740425e71ad08a3a2041,train
f4736ff191ad4c1cba58d9d35bbaff62,2026-10-06 23:03:50.216000+00:00,2a27a9271e,1,dt,nf43,nf_ton_v2,,42815dcaf430b16fc26f740425e71ad08a3a2041,train
5187a2da896b4dd9ba51e97a52d217b5,2026-10-06 23:03:16.959000+00:00,2a27a9271e,0,dt,nf43,nf_ton_v2,,42815dcaf430b16fc26f740425e71ad08a3a2041,train
801c6539358a41e89c9ff9ce05c95654,2026-10-06 23:02:24.944000+00:00,e9e0048fdb,2,dt,nf43,nf_cse_cic18_v2,,42815dcaf430b16fc26f740425e71ad08a3a2041,train
b66222258d084ae49c9b844472b46a97,2026-10-06 23:01:32.862000+00:00,e9e0048fdb,1,dt,nf43,nf_cse_cic18_v2,,42815dcaf430b16fc26f740425e71ad08a3a2041,train
caea11e7ce8d4e42a310d0fada21783d,2026-10-06 23:00:40.928000+00:00,e9e0048fdb,0,dt,nf43,nf_cse_cic18_v2,,42815dcaf430b16fc26f740425e71ad08a3a2041,train
e0ae005408a544eab76380901f5a1516,2026-10-06 23:00:35.039000+00:00,a663911eb3,2,dt,nf43,nf_unsw_v2,,42815dcaf430b16fc26f740425e71ad08a3a2041,train
ba5e63d3794a450ba9b52acc4ad9289e,2026-10-06 23:00:29.148000+00:00,a663911eb3,1,dt,nf43,nf_unsw_v2,,42815dcaf430b16fc26f740425e71ad08a3a2041,train
26a3050dcb1c421bb641f9f25c5c5f54,2026-10-06 23:00:23.047000+00:00,a663911eb3,0,dt,nf43,nf_unsw_v2,,42815dcaf430b16fc26f740425e71ad08a3a2041,train
525aebaa8e99424bba67e719d382dac4,2026-10-06 22:59:51.812000+00:00,d831a5f1a8,2,mlp,nf43,nf_ton_v2,,42815dcaf430b16fc26f740425e71ad08a3a2041,train
9ae54252725645738de957c7c09a2991,2026-10-06 22:59:19.510000+00:00,d831a5f1a8,1,mlp,nf43,nf_ton_v2,,42815dcaf430b16fc26f740425e71ad08a3a2041,train
3d69f91c04b54f61b4a52a7ead604976,2026-10-06 22:58:47.259000+00:00,d831a5f1a8,0,mlp,nf43,nf_ton_v2,,42815dcaf430b16fc26f740425e71ad08a3a2041,train
82d6e5511b8a411bb24fba60c124d67b,2026-10-06 22:58:22.626000+00:00,50051f4ada,2,mlp,nf43,nf_cse_cic18_v2,,42815dcaf430b16fc26f740425e71ad08a3a2041,train
fc8fbee0d78440dfac856ba06b5817b5,2026-10-06 22:57:53.753000+00:00,50051f4ada,1,mlp,nf43,nf_cse_cic18_v2,,42815dcaf430b16fc26f740425e71ad08a3a2041,train
c0da53931f904a03b78acda2094380c4,2026-10-06 22:57:18.707000+00:00,50051f4ada,0,mlp,nf43,nf_cse_cic18_v2,,42815dcaf430b16fc26f740425e71ad08a3a2041,train
563900aa808f4d019a5fcd2f65e56b4a,2026-10-06 22:57:07.964000+00:00,562233fef5,2,mlp,nf43,nf_unsw_v2,,42815dcaf430b16fc26f740425e71ad08a3a2041,train
b2095b07fea14cc6908842f9940fd739,2026-10-06 22:56:56.606000+00:00,562233fef5,1,mlp,nf43,nf_unsw_v2,,42815dcaf430b16fc26f740425e71ad08a3a2041,train
1e4ae970791a44bfa23bf639be94868a,2026-10-06 22:56:43.214000+00:00,562233fef5,0,mlp,nf43,nf_unsw_v2,,42815dcaf430b16fc26f740425e71ad08a3a2041,train
093d453b57f04d7fae3c6a64684a05a5,2026-10-06 22:56:13.407000+00:00,0f58b133cd,2,xgb,nf43,nf_ton_v2,,42815dcaf430b16fc26f740425e71ad08a3a2041,train
a4f66dd984154692b63b5a37d8a5b90d,2026-10-06 22:55:48.449000+00:00,0f58b133cd,1,xgb,nf43,nf_ton_v2,,42815dcaf430b16fc26f740425e71ad08a3a2041,train
2ab627d57720423390bbb7e8161bb032,2026-10-06 22:55:23.569000+00:00,0f58b133cd,0,xgb,nf43,nf_ton_v2,,42815dcaf430b16fc26f740425e71ad08a3a2041,train
e242b94b176d4207b67fb55e8f7d5f91,2026-10-06 22:55:04.507000+00:00,3cccc6b6af,2,xgb,nf43,nf_cse_cic18_v2,,42815dcaf430b16fc26f740425e71ad08a3a2041,train
3ef837a72c8e49d7b2d638670b7782a8,2026-10-06 22:54:45.446000+00:00,3cccc6b6af,1,xgb,nf43,nf_cse_cic18_v2,,42815dcaf430b16fc26f740425e71ad08a3a2041,train
5d5eb7410e3441c9808e08972a9f69ce,2026-10-06 22:54:26.403000+00:00,3cccc6b6af,0,xgb,nf43,nf_cse_cic18_v2,,42815dcaf430b16fc26f740425e71ad08a3a2041,train
66dbdee0a3324851ae5cd2e0fbee3402,2026-10-06 22:54:21.214000+00:00,3e73720f4c,2,xgb,nf43,nf_unsw_v2,,42815dcaf430b16fc26f740425e71ad08a3a2041,train
34b2b38b83d74d98a2dfe4ef9ff8ee6c,2026-10-06 22:54:15.947000+00:00,3e73720f4c,1,xgb,nf43,nf_unsw_v2,,42815dcaf430b16fc26f740425e71ad08a3a2041,train
a090649c718a4249b850707281d01b8f,2026-10-06 22:54:10.345000+00:00,3e73720f4c,0,xgb,nf43,nf_unsw_v2,,42815dcaf430b16fc26f740425e71ad08a3a2041,train
8d560d9e9a4c4eb9b3d97d673eb34f67,2026-10-06 22:51:55.676000+00:00,2e908548ac,2,rf,nf43,nf_ton_v2,,42815dcaf430b16fc26f740425e71ad08a3a2041,train
677a927316d44be29af0e44f9f562d4e,2026-10-06 22:49:44.381000+00:00,2e908548ac,1,rf,nf43,nf_ton_v2,,42815dcaf430b16fc26f740425e71ad08a3a2041,train
ce575b6e03f2452fae6f6cee3e5c3676,2026-10-06 22:47:32.561000+00:00,2e908548ac,0,rf,nf43,nf_ton_v2,,42815dcaf430b16fc26f740425e71ad08a3a2041,train
1c76cdb8575543d9a4158543e3245fc0,2026-10-06 22:43:48.184000+00:00,a1963df63f,2,rf,nf43,nf_cse_cic18_v2,,42815dcaf430b16fc26f740425e71ad08a3a2041,train
86bc6493240e4e569c3b5ab342c3b543,2026-10-06 22:40:06.942000+00:00,a1963df63f,1,rf,nf43,nf_cse_cic18_v2,,42815dcaf430b16fc26f740425e71ad08a3a2041,train
bef9fbb49b054552a135dcaaa92e14fd,2026-10-06 22:36:24.440000+00:00,a1963df63f,0,rf,nf43,nf_cse_cic18_v2,,42815dcaf430b16fc26f740425e71ad08a3a2041,train
288581e18db64ded990d154a04ac1910,2026-10-06 22:35:47.025000+00:00,1cee343e65,2,rf,nf43,nf_unsw_v2,,42815dcaf430b16fc26f740425e71ad08a3a2041,train
d223ae0c7dcc46f88b986d59739761cf,2026-10-06 22:35:09.860000+00:00,1cee343e65,1,rf,nf43,nf_unsw_v2,,42815dcaf430b16fc26f740425e71ad08a3a2041,train
094bbead581a4d51998973e8a98f0931,2026-10-06 22:34:32.287000+00:00,1cee343e65,0,rf,nf43,nf_unsw_v2,,42815dcaf430b16fc26f740425e71ad08a3a2041,train
abf04d2f7045458cba6fb2df78680954,2026-10-06 22:34:19.524000+00:00,394495fa2f,2,lda,nf43,nf_ton_v2,,42815dcaf430b16fc26f740425e71ad08a3a2041,train
17f28376a49049da9b9775e4b85812c7,2026-10-06 22:34:11.583000+00:00,394495fa2f,1,lda,nf43,nf_ton_v2,,42815dcaf430b16fc26f740425e71ad08a3a2041,train
e880afd7e58c4774ad272060291bde1c,2026-10-06 22:34:03.529000+00:00,394495fa2f,0,lda,nf43,nf_ton_v2,,42815dcaf430b16fc26f740425e71ad08a3a2041,train
93905259f21148da9b9877f3f453e56e,2026-10-06 22:33:54.348000+00:00,256be389e1,2,lda,nf43,nf_cse_cic18_v2,,42815dcaf430b16fc26f740425e71ad08a3a2041,train
537efce92d0240118f995da1f547ca86,2026-10-06 22:33:45.822000+00:00,256be389e1,1,lda,nf43,nf_cse_cic18_v2,,42815dcaf430b16fc26f740425e71ad08a3a2041,train
b528af02d76941c0b9bf3ab8488f3657,2026-10-06 22:33:37.173000+00:00,256be389e1,0,lda,nf43,nf_cse_cic18_v2,,42815dcaf430b16fc26f740425e71ad08a3a2041,train
83625e5b8e694ffd927647aecabc985e,2026-10-06 22:33:32.870000+00:00,3165d7d8d8,2,lda,nf43,nf_unsw_v2,,42815dcaf430b16fc26f740425e71ad08a3a2041,train
a5454149c0d944d3b58a5f829d3dd50c,2026-10-06 22:33:28.621000+00:00,3165d7d8d8,1,lda,nf43,nf_unsw_v2,,42815dcaf430b16fc26f740425e71ad08a3a2041,train
8b155fa68c9e4e438a746d4dd3d52757,2026-10-06 22:33:23.952000+00:00,3165d7d8d8,0,lda,nf43,nf_unsw_v2,,42815dcaf430b16fc26f740425e71ad08a3a2041,train
b4cd3f9215c840a780d8646da48050f3,2026-10-06 21:47:14.754000+00:00,76e2599a49,2,ae,cic77,lycos18,,6bc3d09b4ac88597bb4ff8ec8352eb4cb25f06be,train
1d886767b9014591bec90b85295f01f2,2026-10-06 21:46:29.102000+00:00,76e2599a49,1,ae,cic77,lycos18,,6bc3d09b4ac88597bb4ff8ec8352eb4cb25f06be,train
eadf3227c2bc488ca0fc51f0b67eea02,2026-10-06 21:45:44.208000+00:00,76e2599a49,0,ae,cic77,lycos18,,6bc3d09b4ac88597bb4ff8ec8352eb4cb25f06be,train
fce71e09cfed483b917103e832b2508c,2026-10-06 21:45:23.055000+00:00,f9b70ede4a,2,ae,cic77,lycos17,,6bc3d09b4ac88597bb4ff8ec8352eb4cb25f06be,train
b133539fdfb34ceb98d58865cddfe97c,2026-10-06 21:45:01.783000+00:00,f9b70ede4a,1,ae,cic77,lycos17,,6bc3d09b4ac88597bb4ff8ec8352eb4cb25f06be,train
d58f281316f14fe8a1ad6e4784a4cc1b,2026-10-06 21:44:18.709000+00:00,f689dadd35,2,mlp,cic77,lycos18,,6bc3d09b4ac88597bb4ff8ec8352eb4cb25f06be,train
a1bf57d377294ff79920de269a977c6c,2026-10-06 21:43:26.782000+00:00,f689dadd35,1,mlp,cic77,lycos18,,6bc3d09b4ac88597bb4ff8ec8352eb4cb25f06be,train
3bfd052cde2140d58ba27fa6b6a57cc2,2026-10-06 21:42:50.435000+00:00,f689dadd35,0,mlp,cic77,lycos18,,6bc3d09b4ac88597bb4ff8ec8352eb4cb25f06be,train
f3c023fd6ae447d4b2c06a9fcfe03842,2026-10-06 21:42:36.040000+00:00,9de1d4756b,2,mlp,cic77,lycos17,,6bc3d09b4ac88597bb4ff8ec8352eb4cb25f06be,train
a90f662370cd421a9ba5e59ee4f4c880,2026-10-06 21:42:18.205000+00:00,9de1d4756b,1,mlp,cic77,lycos17,,6bc3d09b4ac88597bb4ff8ec8352eb4cb25f06be,train
1412e429a8324a20ac93481e71bfd323,2026-10-06 21:41:51.344000+00:00,a1be8a1872,2,xgb,cic77,lycos18,,6bc3d09b4ac88597bb4ff8ec8352eb4cb25f06be,train
7a17d28a15e94ec19eb5c0f3c6bcd573,2026-10-06 21:41:24.592000+00:00,a1be8a1872,1,xgb,cic77,lycos18,,6bc3d09b4ac88597bb4ff8ec8352eb4cb25f06be,train
19f828099e4e4d3db46ab68b4fe7da5d,2026-10-06 21:40:58.001000+00:00,a1be8a1872,0,xgb,cic77,lycos18,,6bc3d09b4ac88597bb4ff8ec8352eb4cb25f06be,train
45faf4ebc9e84a3f908479fb15eba121,2026-10-06 21:40:45.176000+00:00,11c9468206,2,xgb,cic77,lycos17,,6bc3d09b4ac88597bb4ff8ec8352eb4cb25f06be,train
2efb023106de4ae19a3518bbde8ccd1c,2026-10-06 21:40:32.135000+00:00,11c9468206,1,xgb,cic77,lycos17,,6bc3d09b4ac88597bb4ff8ec8352eb4cb25f06be,train
d687144fa44a422192233f8d28898b1a,2026-10-06 21:34:06.180000+00:00,7c3fda13ea,2,rf,cic77,lycos18,,6bc3d09b4ac88597bb4ff8ec8352eb4cb25f06be,train
5754de82bd9d421999a91e1015ae3b72,2026-10-06 21:27:42.047000+00:00,7c3fda13ea,1,rf,cic77,lycos18,,6bc3d09b4ac88597bb4ff8ec8352eb4cb25f06be,train
6888f8c4165b4fa3afeddd88d19a5e81,2026-10-06 21:21:12.065000+00:00,7c3fda13ea,0,rf,cic77,lycos18,,6bc3d09b4ac88597bb4ff8ec8352eb4cb25f06be,train
319c862ce71b4f8d93527cd272300127,2026-10-06 21:18:27.656000+00:00,cdbb64cf68,2,rf,cic77,lycos17,,6bc3d09b4ac88597bb4ff8ec8352eb4cb25f06be,train
5992efe403f84ff48b96c1dad52936d7,2026-10-06 21:15:46.554000+00:00,cdbb64cf68,1,rf,cic77,lycos17,,6bc3d09b4ac88597bb4ff8ec8352eb4cb25f06be,train
9dda02285cf542a6bf5fa0cf520b777a,2026-10-06 21:12:11.687000+00:00,8bd4f78e55,2,dt,cic77,lycos18,,6bc3d09b4ac88597bb4ff8ec8352eb4cb25f06be,train
e083b40d6892454987049b06258caa98,2026-10-06 21:08:37.063000+00:00,8bd4f78e55,1,dt,cic77,lycos18,,6bc3d09b4ac88597bb4ff8ec8352eb4cb25f06be,train
c22e8fe3ae3a4a36939885cdcf313f52,2026-10-06 21:04:59.228000+00:00,8bd4f78e55,0,dt,cic77,lycos18,,6bc3d09b4ac88597bb4ff8ec8352eb4cb25f06be,train
667c5300a15f4290a6079bc22d363cd2,2026-10-06 20:56:35.111000+00:00,3d54743ff8,2,dt,cic77,lycos17,,6bc3d09b4ac88597bb4ff8ec8352eb4cb25f06be,train
0db8c17ddbc44226a25a6b9af5a33a52,2026-10-06 20:55:00.122000+00:00,3d54743ff8,1,dt,cic77,lycos17,,3ec6cbf36812f7ca95090a6903242946d4600166,train
7bd389db83ef410d8ee6fd0eb65d2799,2026-10-06 20:54:35.569000+00:00,2475d50fbf,2,lda,cic77,lycos18,,3ec6cbf36812f7ca95090a6903242946d4600166,train
7ed7612b57b5496286ca3d72061aca80,2026-10-06 20:54:11.031000+00:00,2475d50fbf,1,lda,cic77,lycos18,,3ec6cbf36812f7ca95090a6903242946d4600166,train
2b081146de394b149d3a4ed41987108c,2026-10-06 20:53:45.848000+00:00,2475d50fbf,0,lda,cic77,lycos18,,3ec6cbf36812f7ca95090a6903242946d4600166,train
427b6bf26cef4b3b949182e870ce6f82,2026-10-06 20:53:34.149000+00:00,4ad64734a7,2,lda,cic77,lycos17,,3ec6cbf36812f7ca95090a6903242946d4600166,train
c8c0d35bc423468faf6072a9e3bc00fd,2026-10-06 20:53:22.185000+00:00,4ad64734a7,1,lda,cic77,lycos17,,3ec6cbf36812f7ca95090a6903242946d4600166,train
481b67e3663d4c6babb989d997d6a15c,2026-10-06 20:08:45.241000+00:00,f9b70ede4a,0,ae,cic77,lycos17,,badd2d03ce86b4066eb566c00ed29ec50b541238,train
624a944f5d484cfc85c26b1fb97e4f2e,2026-10-06 20:08:17.239000+00:00,9de1d4756b,0,mlp,cic77,lycos17,,badd2d03ce86b4066eb566c00ed29ec50b541238,train
8442a7e79235410d994cfdd1b895a642,2026-10-06 20:07:52.380000+00:00,11c9468206,0,xgb,cic77,lycos17,,badd2d03ce86b4066eb566c00ed29ec50b541238,train
c691740e2eaf482b87759126a1299272,2026-10-06 20:04:33.691000+00:00,cdbb64cf68,0,rf,cic77,lycos17,,badd2d03ce86b4066eb566c00ed29ec50b541238,train
52fc0044fdc945bb9fa0946b0f1c456e,2026-10-06 20:02:48.270000+00:00,3d54743ff8,0,dt,cic77,lycos17,,badd2d03ce86b4066eb566c00ed29ec50b541238,train
a5a1956315b04ff4bee9ee9358f5095d,2026-10-06 20:02:28.600000+00:00,4ad64734a7,0,lda,cic77,lycos17,,badd2d03ce86b4066eb566c00ed29ec50b541238,train
