run_id,start_time,cfg_hash,seed,model,study,git_commit,experiment
5cef5f1638184a7ea0bacdf901ba9c00,2026-10-07 11:32:05.032000+00:00,8b79a9fea6,2,rf,c7_timedrift,97c81e56f8ae08f8884c6e109b92170229034547,c7
f74a99ddfc68414ebec274d34f6683e3,2026-10-07 11:31:04.106000+00:00,8b79a9fea6,1,rf,c7_timedrift,97c81e56f8ae08f8884c6e109b92170229034547,c7
d474360062af4788acb7a5e1e95cd2b3,2026-10-07 11:30:02.836000+00:00,8b79a9fea6,0,rf,c7_timedrift,97c81e56f8ae08f8884c6e109b92170229034547,c7
229f53a12b254ef2a0e85eadc1d6966a,2026-10-07 11:29:38.086000+00:00,495cdb0b32,2,xgb,c7_timedrift,97c81e56f8ae08f8884c6e109b92170229034547,c7
ed78f97e707f49b5b8634ba232b05c8b,2026-10-07 11:29:13.294000+00:00,495cdb0b32,1,xgb,c7_timedrift,97c81e56f8ae08f8884c6e109b92170229034547,c7
ff2548a2701144898177a4ac6a9f469f,2026-10-07 11:28:48.487000+00:00,495cdb0b32,0,xgb,c7_timedrift,97c81e56f8ae08f8884c6e109b92170229034547,c7
458294063f7540d287375037b1dbbdb4,2026-10-07 11:28:17.396000+00:00,32f251e91d,2,mlp,c7_timedrift,97c81e56f8ae08f8884c6e109b92170229034547,c7
36bcebedbbaa4c999c258d295ed900b6,2026-10-07 11:27:43.903000+00:00,32f251e91d,1,mlp,c7_timedrift,97c81e56f8ae08f8884c6e109b92170229034547,c7
d3ca3c0b157c4fc0944b0c651c325fee,2026-10-07 11:27:14.110000+00:00,32f251e91d,0,mlp,c7_timedrift,97c81e56f8ae08f8884c6e109b92170229034547,c7
7dadc7d9a2ef4b588df76ef5c377d591,2026-10-07 11:26:40.069000+00:00,b351a729c3,2,ae,c7_timedrift,97c81e56f8ae08f8884c6e109b92170229034547,c7
1c0d02f74bf04fbdb210218685bf0897,2026-10-07 11:26:03.610000+00:00,b351a729c3,1,ae,c7_timedrift,97c81e56f8ae08f8884c6e109b92170229034547,c7
104c922204854b1b88991fb5cb661709,2026-10-07 04:40:41.225000+00:00,b351a729c3,0,ae,c7_timedrift,c4ca099158223999d3ec13725d8ab214bb100294,c7
