run_id,start_time,cfg_hash,seed,track,source,target,git_commit,experiment
a8671be0b08b4daebc0f4b70d688a64f,2026-10-07 04:31:04+00:00,808cc86b40,2,nf43,nf_ton_v2,nf_cse_cic18_v2,b812eefa1b63f60cc6426a652ca88b5f89deb007,drift
7a05342e01434e39b09905abe31fc0f5,2026-10-07 04:30:04.231000+00:00,808cc86b40,1,nf43,nf_ton_v2,nf_cse_cic18_v2,b812eefa1b63f60cc6426a652ca88b5f89deb007,drift
ba3f11b51f27483580e277ebea491b1f,2026-10-07 04:29:04.272000+00:00,808cc86b40,0,nf43,nf_ton_v2,nf_cse_cic18_v2,b812eefa1b63f60cc6426a652ca88b5f89deb007,drift
d5ea7db4c7a84a928a444673c6e75392,2026-10-07 04:28:05.608000+00:00,0a3508d8db,2,nf43,nf_ton_v2,nf_unsw_v2,b812eefa1b63f60cc6426a652ca88b5f89deb007,drift
2d626b856e844f92857f4606babea4bd,2026-10-07 04:27:06.743000+00:00,0a3508d8db,1,nf43,nf_ton_v2,nf_unsw_v2,b812eefa1b63f60cc6426a652ca88b5f89deb007,drift
63846cf1bcf54c248f8f08fb448e8f4a,2026-10-07 04:26:07.934000+00:00,0a3508d8db,0,nf43,nf_ton_v2,nf_unsw_v2,b812eefa1b63f60cc6426a652ca88b5f89deb007,drift
656d8202564a4b94913c7ec039b615ab,2026-10-07 04:25:08.235000+00:00,2998660539,2,nf43,nf_cse_cic18_v2,nf_ton_v2,b812eefa1b63f60cc6426a652ca88b5f89deb007,drift
3c474bf513d0437a88c81cb599a16e55,2026-10-07 04:24:08.591000+00:00,2998660539,1,nf43,nf_cse_cic18_v2,nf_ton_v2,b812eefa1b63f60cc6426a652ca88b5f89deb007,drift
2ae6d3c2baba41ed8bd309f60bc30649,2026-10-07 04:23:08.796000+00:00,2998660539,0,nf43,nf_cse_cic18_v2,nf_ton_v2,b812eefa1b63f60cc6426a652ca88b5f89deb007,drift
3ae63d3e9ecc40019be575a1337da2af,2026-10-07 04:22:09.980000+00:00,28fdaa9560,2,nf43,nf_cse_cic18_v2,nf_unsw_v2,b812eefa1b63f60cc6426a652ca88b5f89deb007,drift
e2e3d338205a42f6a175919f3f93889b,2026-10-07 04:21:11.225000+00:00,28fdaa9560,1,nf43,nf_cse_cic18_v2,nf_unsw_v2,b812eefa1b63f60cc6426a652ca88b5f89deb007,drift
f7025d81888342f2b966f1a411390e70,2026-10-07 04:20:12.359000+00:00,28fdaa9560,0,nf43,nf_cse_cic18_v2,nf_unsw_v2,b812eefa1b63f60cc6426a652ca88b5f89deb007,drift
50626d74c0a64535b704ccc3d83869bd,2026-10-07 04:19:26.332000+00:00,2b654f4e64,2,nf43,nf_unsw_v2,nf_ton_v2,b812eefa1b63f60cc6426a652ca88b5f89deb007,drift
5254d74b47504a7c829bac6e6f8db874,2026-10-07 04:18:40.434000+00:00,2b654f4e64,1,nf43,nf_unsw_v2,nf_ton_v2,b812eefa1b63f60cc6426a652ca88b5f89deb007,drift
cef9c4ec5eb542c89bb4b31f1215665a,2026-10-07 04:17:54.405000+00:00,2b654f4e64,0,nf43,nf_unsw_v2,nf_ton_v2,b812eefa1b63f60cc6426a652ca88b5f89deb007,drift
32b2efb30aa34125a9c11c5c12170a64,2026-10-07 04:17:08.300000+00:00,7b7a2992cd,2,nf43,nf_unsw_v2,nf_cse_cic18_v2,b812eefa1b63f60cc6426a652ca88b5f89deb007,drift
73b369999e99497e9e644c7c97385b36,2026-10-07 04:16:22.027000+00:00,7b7a2992cd,1,nf43,nf_unsw_v2,nf_cse_cic18_v2,b812eefa1b63f60cc6426a652ca88b5f89deb007,drift
4905896162b84663abda2320ceaf4fd5,2026-10-07 04:15:35.765000+00:00,7b7a2992cd,0,nf43,nf_unsw_v2,nf_cse_cic18_v2,b812eefa1b63f60cc6426a652ca88b5f89deb007,drift
7d30cd475f294524ad0ff704c70ce392,2026-10-07 04:14:24.868000+00:00,5ad7170c2c,2,cic77,lycos18,lycos17,b812eefa1b63f60cc6426a652ca88b5f89deb007,drift
62fe1bcbdadb4485b755fb5100a25572,2026-10-07 04:13:14.116000+00:00,5ad7170c2c,1,cic77,lycos18,lycos17,b812eefa1b63f60cc6426a652ca88b5f89deb007,drift
34390357b28f4876bb0d62c3fce2a9ab,2026-10-07 04:11:45.657000+00:00,5ad7170c2c,0,cic77,lycos18,lycos17,b812eefa1b63f60cc6426a652ca88b5f89deb007,drift
c94d9aab52454c38a42885f5708bc0d0,2026-10-07 04:10:30.009000+00:00,e8603400a3,2,cic77,lycos17,lycos18,b812eefa1b63f60cc6426a652ca88b5f89deb007,drift
a3f6fd4985a44f79a7798308bb2808c2,2026-10-07 04:09:14.397000+00:00,e8603400a3,1,cic77,lycos17,lycos18,b812eefa1b63f60cc6426a652ca88b5f89deb007,drift
c7bebf6290024f79a4765d03c5fccd73,2026-10-07 04:07:58.058000+00:00,e8603400a3,0,cic77,lycos17,lycos18,b812eefa1b63f60cc6426a652ca88b5f89deb007,drift
