run_id,start_time,cfg_hash,seed,model,track,source,target,part,git_commit,experiment
dcc51a83edb64198b734dfeb7ce917e5,2026-10-07 12:05:06.412000+00:00,7e2c3b9103,2,xgb,nf43,nf_ton_v2,nf_cse_cic18_v2,trees,a904bf1368319a69c8a5962f684cf6d6f53081d5,c9
16d090df9573429296a9021ce4c16840,2026-10-07 12:04:46.176000+00:00,7e2c3b9103,1,xgb,nf43,nf_ton_v2,nf_cse_cic18_v2,trees,a904bf1368319a69c8a5962f684cf6d6f53081d5,c9
c885b64a99944719976ce455ccf6eb30,2026-10-07 12:04:25.308000+00:00,7e2c3b9103,0,xgb,nf43,nf_ton_v2,nf_cse_cic18_v2,trees,a904bf1368319a69c8a5962f684cf6d6f53081d5,c9
6d3a48d504e64fb396bac5c3b510a01a,2026-10-07 12:04:02.134000+00:00,6a74925836,2,xgb,cic77,lycos18,lycos17,trees,a904bf1368319a69c8a5962f684cf6d6f53081d5,c9
b7ecc5a27e2943fea74a723e0f33cd4e,2026-10-07 12:03:36.953000+00:00,6a74925836,1,xgb,cic77,lycos18,lycos17,trees,a904bf1368319a69c8a5962f684cf6d6f53081d5,c9
4906a36b5c02466bac57093b0fd76bcd,2026-10-07 12:03:10.509000+00:00,6a74925836,0,xgb,cic77,lycos18,lycos17,trees,a904bf1368319a69c8a5962f684cf6d6f53081d5,c9
918dd11058464ee38436227b1e3f6b48,2026-10-07 12:02:47.901000+00:00,5e5a8fde3a,2,xgb,cic77,lycos17,lycos18,trees,a904bf1368319a69c8a5962f684cf6d6f53081d5,c9
0079e380eb9749aeab42d81344b537c9,2026-10-07 12:02:24.954000+00:00,5e5a8fde3a,1,xgb,cic77,lycos17,lycos18,trees,a904bf1368319a69c8a5962f684cf6d6f53081d5,c9
ef1e865dc756498baf97e8ea4155e8d4,2026-10-07 12:02:03.674000+00:00,5e5a8fde3a,0,xgb,cic77,lycos17,lycos18,trees,a904bf1368319a69c8a5962f684cf6d6f53081d5,c9
1846226c345f4334bc385e52a64b9978,2026-10-07 12:01:43.387000+00:00,f89c83d603,2,mlp,nf43,nf_ton_v2,nf_cse_cic18_v2,mlp,a904bf1368319a69c8a5962f684cf6d6f53081d5,c9
e30e79669017476db89570d09a98bf40,2026-10-07 12:01:23.692000+00:00,f89c83d603,1,mlp,nf43,nf_ton_v2,nf_cse_cic18_v2,mlp,a904bf1368319a69c8a5962f684cf6d6f53081d5,c9
1d3eb3f2319b4c24a81c4ce9c255808a,2026-10-07 12:01:04.054000+00:00,f89c83d603,0,mlp,nf43,nf_ton_v2,nf_cse_cic18_v2,mlp,a904bf1368319a69c8a5962f684cf6d6f53081d5,c9
f08a54d87e8a4df0b1d7088b662ead7c,2026-10-07 12:00:46.609000+00:00,7a4ed95790,2,mlp,nf43,nf_ton_v2,nf_unsw_v2,mlp,a904bf1368319a69c8a5962f684cf6d6f53081d5,c9
a1cd95ca3561482487c5878ecc0541a6,2026-10-07 12:00:30.657000+00:00,7a4ed95790,1,mlp,nf43,nf_ton_v2,nf_unsw_v2,mlp,a904bf1368319a69c8a5962f684cf6d6f53081d5,c9
3c8aa6d2d35740ccb770f28e4d408e95,2026-10-07 12:00:14.677000+00:00,7a4ed95790,0,mlp,nf43,nf_ton_v2,nf_unsw_v2,mlp,a904bf1368319a69c8a5962f684cf6d6f53081d5,c9
96c4975e090b4fd88c4afe2c2d045292,2026-10-07 11:59:56.923000+00:00,9eacfbc1dd,2,mlp,nf43,nf_cse_cic18_v2,nf_ton_v2,mlp,a904bf1368319a69c8a5962f684cf6d6f53081d5,c9
a1f867eb77ec4c7787529c71f0524dc0,2026-10-07 11:59:36.824000+00:00,9eacfbc1dd,1,mlp,nf43,nf_cse_cic18_v2,nf_ton_v2,mlp,a904bf1368319a69c8a5962f684cf6d6f53081d5,c9
18dae704999b47f2a8c906fe8aa2bea5,2026-10-07 11:59:17.366000+00:00,9eacfbc1dd,0,mlp,nf43,nf_cse_cic18_v2,nf_ton_v2,mlp,a904bf1368319a69c8a5962f684cf6d6f53081d5,c9
a136db14138f44aab3392bf8914d7a69,2026-10-07 11:58:59.327000+00:00,24e6665dfb,2,mlp,nf43,nf_cse_cic18_v2,nf_unsw_v2,mlp,a904bf1368319a69c8a5962f684cf6d6f53081d5,c9
edc5fc17cdb1459eb0b26d1c16d2645b,2026-10-07 11:58:42.996000+00:00,24e6665dfb,1,mlp,nf43,nf_cse_cic18_v2,nf_unsw_v2,mlp,a904bf1368319a69c8a5962f684cf6d6f53081d5,c9
63c969e98e194da88c7059daf23994d8,2026-10-07 11:58:26.779000+00:00,24e6665dfb,0,mlp,nf43,nf_cse_cic18_v2,nf_unsw_v2,mlp,a904bf1368319a69c8a5962f684cf6d6f53081d5,c9
ec8e01004f794cabb57de3b7a1c5f01d,2026-10-07 11:58:10.973000+00:00,dbbf2df409,2,mlp,nf43,nf_unsw_v2,nf_ton_v2,mlp,a904bf1368319a69c8a5962f684cf6d6f53081d5,c9
bd13443f25af4e6e958c029ff6a6b066,2026-10-07 11:57:56.191000+00:00,dbbf2df409,1,mlp,nf43,nf_unsw_v2,nf_ton_v2,mlp,a904bf1368319a69c8a5962f684cf6d6f53081d5,c9
7f4d53dd9bec4b68920e62549c9a4ff4,2026-10-07 11:57:41.412000+00:00,dbbf2df409,0,mlp,nf43,nf_unsw_v2,nf_ton_v2,mlp,a904bf1368319a69c8a5962f684cf6d6f53081d5,c9
a85e456796614d44b9f0ee7aa2453778,2026-10-07 11:57:26.488000+00:00,de001af0f9,2,mlp,nf43,nf_unsw_v2,nf_cse_cic18_v2,mlp,a904bf1368319a69c8a5962f684cf6d6f53081d5,c9
e18713c8762041e490fe1be59d425a6e,2026-10-07 11:57:10.588000+00:00,de001af0f9,1,mlp,nf43,nf_unsw_v2,nf_cse_cic18_v2,mlp,a904bf1368319a69c8a5962f684cf6d6f53081d5,c9
f9ca49879ede45e2b4eb11c2694f6fc2,2026-10-07 11:56:55.680000+00:00,de001af0f9,0,mlp,nf43,nf_unsw_v2,nf_cse_cic18_v2,mlp,a904bf1368319a69c8a5962f684cf6d6f53081d5,c9
eede13f1150c42648666de16cba525dd,2026-10-07 11:56:04.091000+00:00,22890191b0,2,mlp,cic77,lycos18,lycos17,mlp,a904bf1368319a69c8a5962f684cf6d6f53081d5,c9
aa25933a4b1044d2b38a2e806f68f606,2026-10-07 11:55:06.338000+00:00,22890191b0,1,mlp,cic77,lycos18,lycos17,mlp,a904bf1368319a69c8a5962f684cf6d6f53081d5,c9
8419dfb5010247f8bb23fc8aca5c997f,2026-10-07 11:54:04.086000+00:00,22890191b0,0,mlp,cic77,lycos18,lycos17,mlp,a904bf1368319a69c8a5962f684cf6d6f53081d5,c9
f57edd5391f54d999dc607b35c9579ef,2026-10-07 11:53:08.236000+00:00,e128c8ba91,2,mlp,cic77,lycos17,lycos18,mlp,a904bf1368319a69c8a5962f684cf6d6f53081d5,c9
9a21b68eeb634f35ab2b9abf33fe47d3,2026-10-07 11:52:13.420000+00:00,e128c8ba91,1,mlp,cic77,lycos17,lycos18,mlp,a904bf1368319a69c8a5962f684cf6d6f53081d5,c9
5a57d8afe955415faf32c90f0a79ad34,2026-10-07 11:51:18.067000+00:00,e128c8ba91,0,mlp,cic77,lycos17,lycos18,mlp,a904bf1368319a69c8a5962f684cf6d6f53081d5,c9
