seed,step,n_features,auc,top_feature,top_gain_share,top5,mean_trees,removed,cfg_hash,run_id,n_source,n_target
0,0,15,0.99998006055,dst_port,0.7588363166033287,dst_port;pkts_fwd;pkt_len_min;bytes_fwd;flag_psh,183.8,,2ebe31b13f,41b5cb0fac214768ad1b6fe8eae874f0,100000,100000
0,1,14,0.9998176581,pkts_fwd,0.5469014024522235,pkts_fwd;pkt_len_min;bytes_per_pkt_bwd;bytes_fwd;pkts_bwd,142.2,dst_port,2ebe31b13f,41b5cb0fac214768ad1b6fe8eae874f0,100000,100000
0,2,13,0.9999451623,pkts_bwd,0.5503980198021549,pkts_bwd;pkt_len_min;bytes_per_pkt_bwd;bytes_fwd;flag_psh,197.4,pkts_fwd,2ebe31b13f,41b5cb0fac214768ad1b6fe8eae874f0,100000,100000
0,3,12,0.9999226811000002,bytes_fwd,0.5543309099912682,bytes_fwd;pkt_len_min;bytes_per_pkt_bwd;bytes_per_pkt_fwd;pkt_len_max,179.2,pkts_bwd,2ebe31b13f,41b5cb0fac214768ad1b6fe8eae874f0,100000,100000
0,4,11,0.9999245448,pkt_len_min,0.8609586019100967,pkt_len_min;pkt_len_max;bytes_per_pkt_fwd;bytes_bwd;bytes_per_pkt_bwd,203.2,bytes_fwd,2ebe31b13f,41b5cb0fac214768ad1b6fe8eae874f0,100000,100000
0,5,10,0.99992758955,bytes_bwd,0.5247115739657674,bytes_bwd;bytes_per_pkt_fwd;bytes_per_pkt_bwd;pkt_len_max;flag_psh,291.0,pkt_len_min,2ebe31b13f,41b5cb0fac214768ad1b6fe8eae874f0,100000,100000
0,6,9,0.9998153298,bytes_per_pkt_bwd,0.5415414530654213,bytes_per_pkt_bwd;bytes_per_pkt_fwd;pkt_len_max;flag_psh;flag_rst,297.8,bytes_bwd,2ebe31b13f,41b5cb0fac214768ad1b6fe8eae874f0,100000,100000
0,7,8,0.99956243125,pkt_len_max,0.5192848255302569,pkt_len_max;bytes_per_pkt_fwd;flag_psh;protocol;flag_fin,281.4,bytes_per_pkt_bwd,2ebe31b13f,41b5cb0fac214768ad1b6fe8eae874f0,100000,100000
0,8,7,0.9880957103,bytes_per_pkt_fwd,0.6351692441604249,bytes_per_pkt_fwd;flag_psh;flag_rst;flag_fin;flag_ack,273.8,pkt_len_max,2ebe31b13f,41b5cb0fac214768ad1b6fe8eae874f0,100000,100000
0,9,6,0.67049352065,flag_rst,0.7073015470328732,flag_rst;flag_fin;flag_psh;flag_syn;flag_ack,5.4,bytes_per_pkt_fwd,2ebe31b13f,41b5cb0fac214768ad1b6fe8eae874f0,100000,100000
1,0,15,0.99998474295,dst_port,0.7618784205256864,dst_port;pkts_fwd;pkt_len_min;bytes_fwd;flag_psh,224.0,,2ebe31b13f,cd32e6ec04354df9aae721532b65510a,100000,100000
1,1,14,0.99995699105,pkts_fwd,0.2931283972006495,pkts_fwd;pkts_bwd;pkt_len_min;bytes_per_pkt_bwd;bytes_fwd,197.2,dst_port,2ebe31b13f,cd32e6ec04354df9aae721532b65510a,100000,100000
1,2,13,0.9999649641,pkts_bwd,0.4998201072729585,pkts_bwd;pkt_len_min;bytes_per_pkt_bwd;bytes_fwd;bytes_per_pkt_fwd,206.4,pkts_fwd,2ebe31b13f,cd32e6ec04354df9aae721532b65510a,100000,100000
1,3,12,0.99977739165,pkt_len_min,0.6511489755827483,pkt_len_min;bytes_fwd;bytes_per_pkt_bwd;pkt_len_max;bytes_per_pkt_fwd,150.8,pkts_bwd,2ebe31b13f,cd32e6ec04354df9aae721532b65510a,100000,100000
1,4,11,0.9999489803,bytes_fwd,0.6887898462605485,bytes_fwd;bytes_per_pkt_bwd;bytes_per_pkt_fwd;pkt_len_max;flag_fin,289.8,pkt_len_min,2ebe31b13f,cd32e6ec04354df9aae721532b65510a,100000,100000
1,5,10,0.99992561215,bytes_bwd,0.524472280359322,bytes_bwd;bytes_per_pkt_fwd;bytes_per_pkt_bwd;pkt_len_max;flag_psh,270.2,bytes_fwd,2ebe31b13f,cd32e6ec04354df9aae721532b65510a,100000,100000
1,6,9,0.99982128135,bytes_per_pkt_bwd,0.550370163987006,bytes_per_pkt_bwd;bytes_per_pkt_fwd;pkt_len_max;flag_psh;flag_rst,287.4,bytes_bwd,2ebe31b13f,cd32e6ec04354df9aae721532b65510a,100000,100000
1,7,8,0.9995690736500004,pkt_len_max,0.5188476956888806,pkt_len_max;bytes_per_pkt_fwd;flag_psh;flag_rst;protocol,276.0,bytes_per_pkt_bwd,2ebe31b13f,cd32e6ec04354df9aae721532b65510a,100000,100000
1,8,7,0.98785091415,bytes_per_pkt_fwd,0.6334216069731652,bytes_per_pkt_fwd;flag_psh;flag_rst;flag_fin;flag_ack,291.8,pkt_len_max,2ebe31b13f,cd32e6ec04354df9aae721532b65510a,100000,100000
1,9,6,0.6766497380000001,flag_rst,0.6966123584474492,flag_rst;flag_fin;flag_psh;flag_syn;flag_ack,1.0,bytes_per_pkt_fwd,2ebe31b13f,cd32e6ec04354df9aae721532b65510a,100000,100000
2,0,15,0.9999409098,dst_port,0.7550724089051031,dst_port;pkts_fwd;pkt_len_min;bytes_fwd;flag_psh,217.8,,2ebe31b13f,0fbea22c7b81470c899aea51eda4f262,100000,100000
2,1,14,0.9997673811000001,pkts_bwd,0.4652339029199259,pkts_bwd;pkt_len_min;bytes_per_pkt_bwd;bytes_fwd;pkts_fwd,142.2,dst_port,2ebe31b13f,0fbea22c7b81470c899aea51eda4f262,100000,100000
2,2,13,0.9999328248499999,pkts_fwd,0.5539109310091797,pkts_fwd;pkt_len_min;bytes_per_pkt_bwd;bytes_fwd;flag_psh,217.8,pkts_bwd,2ebe31b13f,0fbea22c7b81470c899aea51eda4f262,100000,100000
2,3,12,0.9999433902,pkt_len_min,0.5874045903345668,pkt_len_min;bytes_fwd;bytes_per_pkt_bwd;pkt_len_max;bytes_per_pkt_fwd,189.2,pkts_fwd,2ebe31b13f,0fbea22c7b81470c899aea51eda4f262,100000,100000
2,4,11,0.9998557704,bytes_fwd,0.6881372155266519,bytes_fwd;bytes_per_pkt_bwd;bytes_per_pkt_fwd;pkt_len_max;flag_fin,221.4,pkt_len_min,2ebe31b13f,0fbea22c7b81470c899aea51eda4f262,100000,100000
2,5,10,0.9999330888,bytes_bwd,0.524735201840209,bytes_bwd;bytes_per_pkt_fwd;bytes_per_pkt_bwd;pkt_len_max;flag_psh,290.6,bytes_fwd,2ebe31b13f,0fbea22c7b81470c899aea51eda4f262,100000,100000
2,6,9,0.99980396615,bytes_per_pkt_bwd,0.5461776731833019,bytes_per_pkt_bwd;bytes_per_pkt_fwd;pkt_len_max;flag_psh;flag_rst,272.4,bytes_bwd,2ebe31b13f,0fbea22c7b81470c899aea51eda4f262,100000,100000
2,7,8,0.99955296165,pkt_len_max,0.5180374147725072,pkt_len_max;bytes_per_pkt_fwd;flag_psh;protocol;flag_fin,250.6,bytes_per_pkt_bwd,2ebe31b13f,0fbea22c7b81470c899aea51eda4f262,100000,100000
2,8,7,0.98804669225,bytes_per_pkt_fwd,0.6331992190556089,bytes_per_pkt_fwd;flag_psh;flag_rst;flag_fin;flag_syn,257.2,pkt_len_max,2ebe31b13f,0fbea22c7b81470c899aea51eda4f262,100000,100000
2,9,6,0.6773303530999999,flag_rst,0.6952607754899772,flag_rst;flag_fin;flag_psh;flag_syn;flag_ack,1.0,bytes_per_pkt_fwd,2ebe31b13f,0fbea22c7b81470c899aea51eda4f262,100000,100000
