dataset,file,sha256,bytes,rows,date
cic17_orig,lycos17/lycos-ids2017/cicids2017/csv_files/Friday-WorkingHours-Afternoon-DDos.pcap_ISCX.csv,1f779b4f0d78f9225554c4de53b5a2c07912b60dcd136ee4c5c1d0d2496b7cc4,96101069,2830743,2026-09-29
cic17_orig,lycos17/lycos-ids2017/cicids2017/csv_files/Friday-WorkingHours-Afternoon-PortScan.pcap_ISCX.csv,7e2ddaa80a5849ba629463296b6128436c161b4a32e8034bb5beae06b0c45e08,101874777,2830743,2026-09-29
cic17_orig,lycos17/lycos-ids2017/cicids2017/csv_files/Friday-WorkingHours-Morning.pcap_ISCX.csv,c061cd98f39d8054aeaed6244a5129a20b3985983d0d022b860ae8aa07fe8d21,75386737,2830743,2026-09-29
cic17_orig,lycos17/lycos-ids2017/cicids2017/csv_files/Monday-WorkingHours.pcap_ISCX.csv,96f26aea87d513073769b48ce204c2921791149e1c6225f7db65a3fed7973820,268649908,2830743,2026-09-29
cic17_orig,lycos17/lycos-ids2017/cicids2017/csv_files/Thursday-WorkingHours-Afternoon-Infilteration.pcap_ISCX.csv,d74238e054023c8bd4d8056650463cadb25c100fb0e26ebd4272c07b5c022c4b,108723183,2830743,2026-09-29
cic17_orig,lycos17/lycos-ids2017/cicids2017/csv_files/Thursday-WorkingHours-Morning-WebAttacks.pcap_ISCX.csv,e3deaff483d18b53b100a441dff9b8919416df8876b4edcc0f0d1e4bf48397d0,92030223,2830743,2026-09-29
cic17_orig,lycos17/lycos-ids2017/cicids2017/csv_files/Tuesday-WorkingHours.pcap_ISCX.csv,ae9c88e10c41a8eb1ff454ae98bc513454925097d0b0b57180f94e79de445815,174696560,2830743,2026-09-29
cic17_orig,lycos17/lycos-ids2017/cicids2017/csv_files/Wednesday-workingHours.pcap_ISCX.csv,ed538e85b84181e8897dedb3d37d365982f44b27eccd67c477581a8b65f3d170,285642925,2830743,2026-09-29
lycos17,lycos17/lycos-ids2017-master.zip,7457f65587fe609fbe983672c12577bb9a07996e6920f8e4a183b8a24a51cf1e,532484362,1837498,2026-09-29
lycos17,lycos17/lycos-ids2017/pcap_lycos/Friday-WorkingHours.pcap_lycos.csv,ed0fe97c5dc7f9d864e6cfd4664a63e22dc869e8672bf7e5a319827ce10865f7,360714194,1837498,2026-09-29
lycos17,lycos17/lycos-ids2017/pcap_lycos/Monday-WorkingHours.pcap_lycos.csv,d5be29b120b08f46b648231adab3467141a20290cbf06333f0a69f34c70c16ea,248628061,1837498,2026-09-29
lycos17,lycos17/lycos-ids2017/pcap_lycos/Thursday-WorkingHours.pcap_lycos.csv,cc2e297f04183b3d362d81bb98684efcac1c48d78e4055b8f416010c9604db2f,239795724,1837498,2026-09-29
lycos17,lycos17/lycos-ids2017/pcap_lycos/Tuesday-WorkingHours.pcap_lycos.csv,98f0ead672be43bd00aae39cd975a691594541676456c3d4e97ca05c72e52d7f,215809835,1837498,2026-09-29
lycos17,lycos17/lycos-ids2017/pcap_lycos/Wednesday-WorkingHours.pcap_lycos.csv,d1858ecc12df7a9dfcca6db3f2d942fa87c8f7816d12362a3884606b2386ceff,340501212,1837498,2026-09-29
lycos18,lycos18/LycoS18_dataset.csv,bd2c2b8a0d63d6396f9af7e38af7ce1a076a7c156a5045d6921e4d3e532a7955,5520332695,13691268,2026-09-29
nf_unsw_v2,nf_unsw_v2/fe6cb615d161452c_MOHANAD_A4706.zip,0e42c11dc9799a1e0851ff0b98c2ed1b47c56331a6eb99ba14c800cfe94d03ed,33877423,2390275,2026-10-05
nf_unsw_v2,nf_unsw_v2/fe6cb615d161452c_MOHANAD_A4706/data/NF-UNSW-NB15-v2.csv,05019e3ac8d55b3f074f9f042623bbbb1af2527b8b78558c69353ccb2ccefa3f,441867785,2390275,2026-10-05
nf_cse_cic18_v2,nf_cse_cic18_v2/b3427ed8ad063a09_MOHANAD_A4706.zip,ad6307995d08ff8825d0193d5a1cfa61cf3dc4c6f223962ba3762a7775b5dc24,612059380,18893708,2026-10-05
nf_cse_cic18_v2,nf_cse_cic18_v2/b3427ed8ad063a09_MOHANAD_A4706/data/NF-CSE-CIC-IDS2018-v2.csv,16a545a3e139b2e85d08b1b7d9d40328c3689a49d0deaafce6dcf8d7b63e1257,3221378977,18893708,2026-10-05
nf_ton_v2,nf_ton_v2/9bafce9d380588c2_MOHANAD_A4706.zip,69dd3b8bd59e23f0718dfc69b2757cb6ca08fe2c4c1d4fd126b8bbd204bbbad2,168120179,16940496,2026-10-05
nf_ton_v2,nf_ton_v2/9bafce9d380588c2_MOHANAD_A4706/data/NF-ToN-IoT-v2.csv,7751fb955ca50a2c113ec455eddd39ca23fcfa99eb1ab488c4526c43c2a20081,2676491000,16940496,2026-10-05
cse18_pcap,cse18_pcap/UCAP172.31.69.25-part1.pcap,d96c91d69a15122c1766b614f540b442f62a57cc7ce29e0c34294e7d2b05dc35,4312494308,,2026-10-09
cse18_pcap,cse18_pcap/UCAP172.31.69.25-part2.pcap,30719ee5200bd389ea41775793041016ab915ce939fa5380fdde1701663fd097,815212,,2026-10-09
cse18_pcap,cse18_pcap/capPC1-172.31.64.31.pcap,940d7c2bfb57427b342d48bf034edf4ada049da5b51fe16efaef2cd45fa5e125,617293774,,2026-10-09
cse18_pcap,cse18_pcap/capPC1-172.31.67.124.pcap,6efb3deb4b1961595d2277a82ec50ef2d94e1abd4a99a8af002352be52e3bc56,431214833,,2026-10-09
cse18_pcap,cse18_pcap/capPC1-172.31.65.80.pcap,47aefaf1f1fe16fd1e8c9736f67723e14d92b79881c55f4caded0be3ca5278a2,392538377,,2026-10-09
cse18_pcap,cse18_pcap/capPC1-172.31.67.59.pcap,8dc027efdcacfc3221e5eaaeddab2ef3dba2e0898c4a683af2692a5787c3bc86,422727069,,2026-10-09
cse18_pcap,cse18_pcap/capPC1-172.31.64.32.pcap,3cc022879f6ad3c7cb08b065e29a45ae30826ac14d177c8186e7709bd6d2c2d7,391956550,,2026-10-09
cse18_pcap,cse18_pcap/capPC1-172.31.65.117.pcap,b527026b84699acf70afc1bbd8dab4b3099a8e22e172e93556675702f3f0826c,385719007,,2026-10-09
cse18_pcap,cse18_pcap/capPC1-172.31.66.69.pcap,a6b12ee51b480d3667c459f0050fc5f205ffb0eb73c4bdbc85e76c9bcd7a1b4a,391749595,,2026-10-09
cse18_pcap,cse18_pcap/capPC1-172.31.64.48.pcap,651222e58dd4a1e98582bc0bf9f7333e7cd3614f7aecb46fa34d0278fdf6502a,400592154,,2026-10-09
cse18_pcap,cse18_pcap/capPC1-172.31.67.108.pcap,2387002b8869ec322729398ce13d4ae8593ebb60761c107050501233c73acc7b,372870611,,2026-10-09
cse18_pcap,cse18_pcap/capDESKTOP-AN3U28N-172.31.66.85.pcap,a98b05df21e2553450f8fbcd1b6305c8fa64d9da5e870f4c445b33ba3418caae,343042229,,2026-10-09
cse18_pcap,cse18_pcap/capDESKTOP-AN3U28N-172.31.64.35.pcap,b6bf1f0dd1fc4e1f9677f76e38724a435bd5b64f8bb247c610cfe45b89b222d2,325599723,,2026-10-09
cse18_pcap,cse18_pcap/capDESKTOP-AN3U28N-172.31.66.100.pcap,3861438645c7aa347aafc6e20a5b6820e3b1acbd5d2583632a2f6e1ab769f9f3,322657298,,2026-10-09
cse18_pcap,cse18_pcap/capDESKTOP-AN3U28N-172.31.65.29.pcap,337a654cd9a569c75dbf560606c3a258bbb8caa36dfed9276222d03d1e9ec0bb,311356345,,2026-10-09
