track,source,target,subset,seeds,auc_all_mean,auc_all_std,auc_final_mean,removed_mean,reached_stop,top5_consensus,run_ids
cic77,lycos17,lycos18,benign,3,0.99930784285,3.657800550120335e-05,0.9984497054833333,10.0,False,flag_ece;flag_cwr;dst_port;bwd_iat_min;bwd_tcp_init_win_bytes,8d3f6c581c674a68bbbcf03fc797f32b;3649c673565c42bebbc5d78fa22ca1fd;4f6a87a207794ea6a6abb82f5c48a2f4
cic77,lycos17,lycos18,all,3,0.9995795672,2.5404394362636252e-05,0.9992868287833333,10.0,False,flag_ece;flag_cwr;bwd_pkt_len_max;pkt_len_max;bwd_pkt_len_std,f77a340c4fbf4ce88615b4c1111fafba;f7538235ff16480499c978766932fc54;19d3c3cbce72414995b9e0a7dba247d0
nf43,nf_unsw_v2,nf_cse_cic18_v2,benign,3,0.9999464063166666,3.200562059344583e-05,0.9999775292,10.0,False,min_ip_pkt_len;shortest_flow_pkt;l4_dst_port;min_ttl;max_ttl,53c55ec4f5724176ad049386b61cb0f8;4bcc3753953144c9a98edd09d8a6f281;8aab8cb47b7946e18060672f6e929d06
nf43,nf_unsw_v2,nf_cse_cic18_v2,all,3,0.9998569220666665,1.6159656950602895e-05,0.9999745734,10.0,False,min_ttl;l4_dst_port;max_ttl;retransmitted_out_pkts;retransmitted_out_bytes,fa127264c7004271bd59ad3e91c83677;34cec05f6d7042c4980db9b9972c10eb;a2cb3809920541ab8fa8b35da261d724
nf43,nf_unsw_v2,nf_ton_v2,benign,3,0.9998629980499999,5.731200511298557e-05,0.9998647498666667,10.0,False,retransmitted_out_bytes;retransmitted_out_pkts;out_pkts;dst_to_src_avg_throughput;out_bytes,e41c495ad99e43e1999b45b6dcd09a0c;7f0f96725e784517929fd44faf20f65c;3ecbd04e6ab4424e8c3bdf143b776a2e
nf43,nf_unsw_v2,nf_ton_v2,all,3,0.9999163385166666,4.7600278854618384e-05,0.9999071324333334,10.0,False,retransmitted_in_pkts;out_pkts;retransmitted_in_bytes;icmp_type;icmp_ipv4_type,0326e5f0d8f14c6d9212ff4a678cc01b;28b9fdd24c86411cacecaf5ee532a2a6;1568815832c54b6d85caa3b0ee1f1f18
nf43,nf_cse_cic18_v2,nf_ton_v2,benign,3,0.9999187350166667,9.23522471822167e-06,0.9998592930000001,10.0,False,max_ttl;min_ttl;l4_dst_port;out_bytes;server_tcp_flags,ff3231d83d82437f9434f66902583d99;93b2495e38784576a0ed29504c56e8dd;4556650a039c4247bf94cbd63cf254a3
nf43,nf_cse_cic18_v2,nf_ton_v2,all,3,0.9998570085333333,7.945000622313413e-05,0.9988946034666667,10.0,False,max_ttl;min_ttl;tcp_flags;client_tcp_flags;tcp_win_max_in,af5b7f5802ef4a33a725a671126f32c6;941914b3330b478db1c1ade8ade4a313;226bd9aa2f27454f8151b516514f23e4
core,lycos17,lycos18,benign,3,0.9653878937666667,0.00013705409444191805,0.8014601963999999,10.0,False,dst_port;pkt_len_max;bytes_fwd;bytes_per_pkt_fwd;flag_rst,8b31cc07593a4c878fd36609e907ece9;c09c58600ba54537934d6289ae29bfaa;8ce68a2cd9f546d0bd56f04646f69876
core,lycos17,lycos18,all,3,0.98082073565,0.000265055257757046,0.6861262286,9.0,True,pkt_len_max;bytes_per_pkt_bwd;bytes_bwd;pkts_bwd;bytes_fwd,f8b0070271334b77a1006dd7380236b6;b040102a5623411585a6abc59e70dfe3;4c30ce2568b149b4b286d3b831014001
core,lycos17,nf_unsw_v2,benign,3,0.9997700616499999,0.00019510496371686047,0.7731437790000001,10.0,False,dst_port;pkts_bwd;pkts_fwd;bytes_fwd;bytes_bwd,6983c8cb4fa143e39a4e92b3d410988d;2c430e419ccb4645b33558bfbddc7b17;e3b89c48584f4bb4856e511ca1738463
core,lycos17,nf_unsw_v2,all,3,0.99993285655,3.965508624202675e-05,0.7284013430833335,10.0,False,dst_port;pkts_bwd;pkts_fwd;bytes_fwd;bytes_bwd,eb79f069fee44b069309f88c71f4b871;5cfb93259fcb4b8ea673206a1db2bdff;7c84dba4038b42108463fbe162eb7952
core,lycos17,nf_cse_cic18_v2,benign,3,0.9912364082833335,8.386992124078329e-05,0.9071627409333334,10.0,False,flag_syn;pkts_bwd;dst_port;pkt_len_max;protocol,4894b6568ee54b9aa7ad8cd8bebcb03b;390de4b20d08413b823d9913e00d73fb;87bc1dc8d20448d3847b13135361bb67
core,lycos17,nf_cse_cic18_v2,all,3,0.9945219446500001,0.00019017366709620434,0.8434529113166667,10.0,False,pkts_fwd;pkts_bwd;bytes_fwd;pkt_len_max;bytes_per_pkt_bwd,5fd2cdba169d4a91a942837ce9db2a39;51455f682c774cb0afa870e9ed21d80c;c5c7d3d9dd56458c82f7e095e987ed51
core,lycos17,nf_ton_v2,benign,3,0.9987042897333334,6.019866751919584e-05,0.7632067401333332,10.0,False,dst_port;bytes_per_pkt_bwd;pkt_len_max;bytes_per_pkt_fwd;pkt_len_min,63128cf6d09c4d319e783901871b50d9;41129498926749d499879903fef6d487;630e4ec3adf54cbcbb7107782edaeafa
core,lycos17,nf_ton_v2,all,3,0.99931683315,1.8633295535301912e-05,0.7876882155499999,10.0,False,dst_port;bytes_per_pkt_bwd;pkt_len_min;pkt_len_max;bytes_bwd,3d8711d403fd449cb877a5d469d69826;49235acd9cbb4d118b8aba65c042f976;6f01c8b34f384aca94daeaaed4b4cb81
core,lycos18,nf_unsw_v2,benign,3,0.9999250211666667,7.419600305747179e-05,0.7719982492,10.0,False,dst_port;pkts_bwd;pkts_fwd;bytes_fwd;pkt_len_min,675f163c461341199ed6ee4a7ac3feec;3899a8464d204c5d90986422bb7a8b19;0a5f0b07341942daac030338e0a6b3df
core,lycos18,nf_unsw_v2,all,3,0.9999685711,1.9652681847610377e-05,0.67482453725,9.0,True,dst_port;pkts_fwd;pkts_bwd;pkt_len_min;bytes_fwd,41b5cb0fac214768ad1b6fe8eae874f0;cd32e6ec04354df9aae721532b65510a;0fbea22c7b81470c899aea51eda4f262
core,lycos18,nf_cse_cic18_v2,benign,3,0.9644045894333333,0.0003635695645298535,0.6896762871999998,10.0,True,pkts_bwd;pkts_fwd;bytes_bwd;bytes_fwd;pkt_len_max,a56bdb9430e44f9db9e352a21e53db71;145f858863444e9db6e0dc985d319cad;8965e7fc05184210a018051802832152
core,lycos18,nf_cse_cic18_v2,all,3,0.9809622157833333,0.00015403415217034045,0.7393499998666666,10.0,False,pkts_bwd;bytes_bwd;pkts_fwd;bytes_fwd;pkt_len_max,dda2c31fd0984ad0a759dffcdadfdb4a;5b393c44f9e04d29b55ace555f32b40e;63fb0a1dc9b8401e9dfc687549eac468
core,lycos18,nf_ton_v2,benign,3,0.9991972393833334,3.197856361421826e-05,0.7108039041833334,10.0,False,dst_port;bytes_per_pkt_bwd;pkt_len_max;pkt_len_min;bytes_per_pkt_fwd,6920b0b7d52c41a199b24f336f39451c;d51de889912c414aa04b180772b53188;6187c306e8154edeb06760012957345c
core,lycos18,nf_ton_v2,all,3,0.99955648725,1.050965023997894e-05,0.7670698092333333,10.0,False,dst_port;bytes_per_pkt_bwd;pkt_len_min;pkt_len_max;bytes_per_pkt_fwd,31fcaa5473fb4ca8b17659f31a4ba7e7;02d8001b461c4a16a9a5b2768b62de84;d130eb475c584dff8f4062a46a28a70a
core,nf_unsw_v2,nf_cse_cic18_v2,benign,3,0.99981689545,9.393988175746332e-05,0.6590863119333333,10.0,True,pkt_len_min;dst_port;pkts_fwd;pkts_bwd;bytes_fwd,540e72ee9eae446d966f5c0344c53dff;e76ff9d34e7d475d9e94a4983fbb085a;f188fe9aa49a4f3db2cf876474f6178b
core,nf_unsw_v2,nf_cse_cic18_v2,all,3,0.9999688582833333,3.116278152501868e-06,0.6184680990833333,10.0,True,dst_port;pkt_len_min;pkts_fwd;pkts_bwd;bytes_per_pkt_fwd,4719b93478f745d794813508a5e80bf1;7bac6412398b44f092a6376e23658736;37ef5541bfa94d238daf10e4460146bd
core,nf_unsw_v2,nf_ton_v2,benign,3,0.9999555057,1.6208548403915447e-05,0.7398009439500002,10.0,False,pkts_bwd;bytes_bwd;pkts_fwd;bytes_per_pkt_bwd;bytes_fwd,b6105893daa6462b9952f4ac39412dd7;91368bc3378141c69e9aba90fb72b0dd;fc69fbc718f24d69ab88e1a08020a833
core,nf_unsw_v2,nf_ton_v2,all,3,0.9999469520000001,1.5741318898778777e-06,0.7051466911833333,10.0,False,pkts_bwd;pkts_fwd;bytes_bwd;bytes_fwd;bytes_per_pkt_bwd,acad62887ab946eea0ae323212ef0882;146672ff03914cbcb96d43983cf26c23;420f4da6a70844218b284e86857c47a3
core,nf_cse_cic18_v2,nf_ton_v2,benign,3,0.99846874225,2.9263621282300485e-05,0.7610624082500003,10.0,False,dst_port;bytes_bwd;pkt_len_min;pkts_bwd;bytes_per_pkt_bwd,afd6292774504481bb19fc1cad00b25d;0dac24d7dd2c48389cdae164dac2fdac;a2ecef65a88544f29febe78024067951
core,nf_cse_cic18_v2,nf_ton_v2,all,3,0.9988708848833334,3.157131862258995e-05,0.6634425997166667,10.0,True,dst_port;pkts_bwd;bytes_bwd;bytes_per_pkt_bwd;pkts_fwd,72ac4319b2564a36a627c5f8d5bf2960;76d4f625c92d4751bfe4b5b4546496ab;6f3e2eeb424f41c0a14471399eb79810
