group,feature,n_a,n_b,ks,zero_a,zero_b,q01_a,q01_b,q05_a,q05_b,q25_a,q25_b,q50_a,q50_b,q75_a,q75_b,q95_a,q95_b,q99_a,q99_b
benign,duration_s,400000,400000,0.9094475,0.0504425,0.95989,0.0,0.0,0.0,0.0,0.0009270000155083835,0.0,0.15144899487495422,0.0,3.8600197434425354,0.0,115.97348594665527,0.0,118.41185890197754,4294.9521484375
benign,pkts_fwd,400000,400000,0.11070000000000002,0.0066725,0.0,1.0,1.0,1.0,1.0,1.0,1.0,3.0,2.0,9.0,9.0,16.0,19.0,32.0,35.0
benign,pkts_bwd,400000,400000,0.049004999999999965,0.0848075,0.0693625,0.0,0.0,0.0,0.0,1.0,1.0,2.0,2.0,7.0,7.0,16.0,18.0,51.0,51.0
benign,bytes_fwd,400000,400000,0.1096975,0.0066725,0.0,40.0,40.0,48.0,44.0,70.0,68.0,202.0,128.0,1472.0,1460.0,2053.0,2032.0,66878.0,3943.0
benign,bytes_bwd,400000,400000,0.06870249999999994,0.0848075,0.0693625,0.0,0.0,0.0,0.0,97.0,106.0,312.0,192.0,1873.0,1873.0,8274.0,6123.049999999988,66300.0,39331.01000000001
benign,bytes_per_pkt_fwd,400000,400000,0.08015000000000005,0.0066725,0.0,40.0,40.0,42.66666793823242,43.0,65.0,63.0,77.0,73.0,140.07142639160156,117.83333587646484,185.0,184.5,5103.84619140625,222.3333282470703
benign,bytes_per_pkt_bwd,400000,400000,0.07632749999999999,0.0848075,0.0693625,0.0,0.0,0.0,0.0,86.0,86.0,149.0,131.5294189453125,257.875,238.44250106811523,700.8333129882812,461.5555419921875,8277.5,929.6856262207035
benign,protocol,400000,400000,0.09128249999999993,0.0,0.0,6.0,6.0,6.0,6.0,6.0,6.0,6.0,6.0,17.0,17.0,17.0,17.0,17.0,17.0
benign,pkt_len_max,400000,400000,0.057010000000000005,0.0,0.0,40.0,40.0,40.0,44.0,95.0,95.0,183.0,170.0,1213.0,1213.0,1500.0,1500.0,65536.0,1500.0
benign,pkt_len_min,400000,400000,0.10447249999999997,0.0,0.0,40.0,40.0,40.0,40.0,40.0,40.0,40.0,40.0,64.0,68.0,78.0,79.0,113.0,104.0
benign,flag_syn,400000,400000,0.032045000000000046,0.43515,0.467195,0.0,0.0,0.0,0.0,0.0,0.0,1.0,1.0,1.0,1.0,1.0,1.0,1.0,1.0
benign,flag_fin,400000,400000,0.022917500000000035,0.70983,0.7327475,0.0,0.0,0.0,0.0,0.0,0.0,0.0,0.0,1.0,1.0,1.0,1.0,1.0,1.0
benign,flag_rst,400000,400000,0.12502000000000002,0.77302,0.648,0.0,0.0,0.0,0.0,0.0,0.0,0.0,0.0,0.0,1.0,1.0,1.0,1.0,1.0
benign,flag_psh,400000,400000,0.09087249999999997,0.4764525,0.567325,0.0,0.0,0.0,0.0,0.0,0.0,1.0,0.0,1.0,1.0,1.0,1.0,1.0,1.0
benign,flag_ack,400000,400000,0.10097499999999998,0.42146,0.522435,0.0,0.0,0.0,0.0,0.0,0.0,1.0,0.0,1.0,1.0,1.0,1.0,1.0,1.0
benign,init_win_fwd,400000,400000,0.3770825,0.00205,0.4666025,-1.0,0.0,-1.0,0.0,-1.0,0.0,8192.0,5638.5,8192.0,8192.0,8192.0,46642.449999999895,63877.0,65340.0
benign,init_win_bwd,400000,400000,0.45186,0.0104725,0.5271675,-1.0,0.0,-1.0,0.0,-1.0,0.0,8192.0,0.0,42780.0,42780.0,64000.0,64000.0,64000.0,65280.0
benign,dst_port,400000,400000,0.09544249999999999,0.0032325,0.001325,23.0,23.0,53.0,53.0,53.0,53.0,443.0,80.0,3389.0,3350.0,3389.0,3389.0,9020.020000000019,10025.0
all,duration_s,400000,400000,0.827255,0.0379675,0.8652225,0.0,0.0,0.0002469999890308827,0.0,0.0012150000547990203,0.0,0.027723999693989754,0.0,2.2055829763412476,0.0,115.22152862548828,4294.951171875,118.16748992919922,4294.96337890625
all,pkts_fwd,400000,400000,0.16952750000000005,0.00521,0.0,1.0,1.0,1.0,1.0,1.0,1.0,3.0,4.0,8.0,9.0,16.0,22.0,27.0,36.0
all,pkts_bwd,400000,400000,0.15417500000000006,0.06382,0.063175,0.0,0.0,0.0,0.0,1.0,1.0,4.0,3.0,7.0,7.0,15.0,21.0,36.0,49.0
all,bytes_fwd,400000,400000,0.14659249999999996,0.00521,0.0,40.0,40.0,57.0,53.0,79.0,69.0,416.0,186.0,1086.0,1460.0,2000.0,2407.0,66316.0,4269.0
all,bytes_bwd,400000,400000,0.12306499999999998,0.06382,0.063175,0.0,0.0,0.0,0.0,130.0,116.0,1107.0,324.0,1721.0,1873.0,6529.0,6015.0,66260.0,34170.080000000075
all,bytes_per_pkt_fwd,400000,400000,0.23016249999999994,0.00521,0.0,40.0,40.0,44.0,44.0,67.25,64.0,103.4375,74.5999984741211,148.3333282470703,117.0,184.5,184.5,3176.90478515625,217.09091186523438
all,bytes_per_pkt_bwd,400000,400000,0.2379175,0.06382,0.063175,0.0,0.0,0.0,0.0,96.0,88.0,210.10000610351562,145.75961303710938,276.75,239.125,594.704296874999,427.91748962402323,8277.5,871.2969110107427
all,protocol,400000,400000,0.13065000000000004,0.0,0.0,6.0,6.0,6.0,6.0,6.0,6.0,6.0,6.0,17.0,17.0,17.0,17.0,17.0,17.0
all,pkt_len_max,400000,400000,0.12383,0.0,0.0,40.0,40.0,40.0,48.0,123.0,100.0,828.0,192.0,1189.0,1189.0,1500.0,1500.0,65536.0,1500.0
all,pkt_len_min,400000,400000,0.171385,0.0,0.0,40.0,40.0,40.0,40.0,40.0,40.0,40.0,40.0,60.0,66.0,75.0,78.0,105.0,102.0
all,flag_syn,400000,400000,0.08670500000000003,0.32924,0.415945,0.0,0.0,0.0,0.0,0.0,0.0,1.0,1.0,1.0,1.0,1.0,1.0,1.0,1.0
all,flag_fin,400000,400000,0.12519749999999996,0.52939,0.6545875,0.0,0.0,0.0,0.0,0.0,0.0,0.0,0.0,1.0,1.0,1.0,1.0,1.0,1.0
all,flag_rst,400000,400000,0.1666725,0.8354525,0.66878,0.0,0.0,0.0,0.0,0.0,0.0,0.0,0.0,0.0,1.0,1.0,1.0,1.0,1.0
all,flag_psh,400000,400000,0.147905,0.360045,0.50795,0.0,0.0,0.0,0.0,0.0,0.0,1.0,0.0,1.0,1.0,1.0,1.0,1.0,1.0
all,flag_ack,400000,400000,0.14599499999999999,0.31844,0.464435,0.0,0.0,0.0,0.0,0.0,0.0,1.0,1.0,1.0,1.0,1.0,1.0,1.0,1.0
all,init_win_fwd,400000,400000,0.285305,0.0017975,0.4153675,-1.0,0.0,-1.0,0.0,-1.0,0.0,8192.0,8192.0,16384.0,8192.0,65535.0,65535.0,65535.0,65535.0
all,init_win_bwd,400000,400000,0.3415575,0.00778,0.47242,-1.0,0.0,-1.0,0.0,-1.0,0.0,26883.0,8192.0,29200.0,29200.0,64000.0,64000.0,64000.0,64800.0
all,dst_port,400000,400000,0.14005499999999999,0.00241,0.0011875,23.0,22.0,53.0,53.0,53.0,53.0,80.0,80.0,445.0,445.0,3389.0,3389.0,8080.0,9314.0
fam:Bot/Backdoor,duration_s,8347,9142,0.9390724130387224,0.0,0.9390724130387224,0.008759460020810366,0.0,0.009373600035905838,0.0,0.010267999954521656,0.0,0.010906999930739403,0.0,0.011663500219583511,0.0,0.0180896008387208,4294.701171875,0.050969040170311855,4294.7333984375
fam:Bot/Backdoor,pkts_fwd,8347,9142,0.9928326252012987,0.0,0.0,3.0,5.0,3.0,5.0,3.0,5.0,3.0,5.0,3.0,5.0,3.0,10.0,3.0,10.0
fam:Bot/Backdoor,pkts_bwd,8347,9142,0.992723239946431,0.0,0.0,4.0,5.0,4.0,5.0,4.0,5.0,4.0,5.0,4.0,5.0,4.0,10.0,4.0,10.0
fam:Bot/Backdoor,bytes_fwd,8347,9142,0.980461673133899,0.0,0.0,417.0,497.0,458.0,538.0,458.0,538.0,458.0,538.0,458.0,538.0,458.0,1076.0,497.0,1076.0
fam:Bot/Backdoor,bytes_bwd,8347,9142,0.992723239946431,0.0,0.0,301.0,341.0,301.0,341.0,301.0,341.0,301.0,341.0,301.0,341.0,301.0,682.0,312.0,682.0
fam:Bot/Backdoor,bytes_per_pkt_fwd,8347,9142,0.9977966609492439,0.0,0.0,139.0,99.4000015258789,152.6666717529297,107.5999984741211,152.6666717529297,107.5999984741211,152.6666717529297,107.5999984741211,152.6666717529297,107.5999984741211,152.6666717529297,107.5999984741211,165.6666717529297,107.5999984741211
fam:Bot/Backdoor,bytes_per_pkt_bwd,8347,9142,0.9915043681894836,0.0,0.0,75.25,68.19999694824219,75.25,68.19999694824219,75.25,68.19999694824219,75.25,68.19999694824219,75.25,68.19999694824219,75.25,68.19999694824219,78.0,68.19999694824219
fam:Bot/Backdoor,protocol,8347,9142,0.0,0.0,0.0,6.0,6.0,6.0,6.0,6.0,6.0,6.0,6.0,6.0,6.0,6.0,6.0,6.0,6.0
fam:Bot/Backdoor,pkt_len_max,8347,9142,0.009902058589347729,0.0,0.0,325.0,325.0,366.0,366.0,366.0,366.0,366.0,366.0,366.0,366.0,366.0,366.0,405.0,366.0
fam:Bot/Backdoor,pkt_len_min,8347,9142,0.0,0.0,0.0,40.0,40.0,40.0,40.0,40.0,40.0,40.0,40.0,40.0,40.0,40.0,40.0,40.0,40.0
fam:Bot/Backdoor,flag_syn,8347,9142,0.0,0.0,0.0,1.0,1.0,1.0,1.0,1.0,1.0,1.0,1.0,1.0,1.0,1.0,1.0,1.0,1.0
fam:Bot/Backdoor,flag_fin,8347,9142,0.0012188717569473527,0.0014376422666826404,0.0002187705097352877,1.0,1.0,1.0,1.0,1.0,1.0,1.0,1.0,1.0,1.0,1.0,1.0,1.0,1.0
fam:Bot/Backdoor,flag_rst,8347,9142,0.0002344044631385582,0.9985623577333174,0.998796762196456,0.0,0.0,0.0,0.0,0.0,0.0,0.0,0.0,0.0,0.0,0.0,0.0,0.0,0.0
fam:Bot/Backdoor,flag_psh,8347,9142,0.0012188717569473527,0.0014376422666826404,0.0002187705097352877,1.0,1.0,1.0,1.0,1.0,1.0,1.0,1.0,1.0,1.0,1.0,1.0,1.0,1.0
fam:Bot/Backdoor,flag_ack,8347,9142,0.0,0.0,0.0,1.0,1.0,1.0,1.0,1.0,1.0,1.0,1.0,1.0,1.0,1.0,1.0,1.0,1.0
fam:Bot/Backdoor,init_win_fwd,8347,9142,0.0,0.0,0.0,8192.0,8192.0,8192.0,8192.0,8192.0,8192.0,8192.0,8192.0,8192.0,8192.0,8192.0,8192.0,8192.0,8192.0
fam:Bot/Backdoor,init_win_bwd,8347,9142,0.0012188717569473527,0.0014376422666826404,0.0002187705097352877,26883.0,26883.0,26883.0,26883.0,26883.0,26883.0,26883.0,26883.0,26883.0,26883.0,26883.0,26883.0,26883.0,26883.0
fam:Bot/Backdoor,dst_port,8347,9142,0.0,0.0,0.0,8080.0,8080.0,8080.0,8080.0,8080.0,8080.0,8080.0,8080.0,8080.0,8080.0,8080.0,8080.0,8080.0,8080.0
fam:BruteForce,duration_s,24843,7522,0.6568731720287158,0.0,0.6568731720287158,9.999999974752427e-7,0.0,9.999999974752427e-7,0.0,1.9999999949504854e-6,0.0,1.9999999949504854e-6,0.0,0.35029248893260956,4293.4052734375,0.3917402058839798,4294.779296875,0.4096842157840729,4294.951171875
fam:BruteForce,pkts_fwd,24843,7522,0.6713238050136993,0.0,0.0,1.0,13.0,1.0,13.0,1.0,22.0,1.0,23.0,22.0,25.0,24.0,162.94999999999982,25.0,167.0
fam:BruteForce,pkts_bwd,24843,7522,0.6713238050136993,0.0,0.0,1.0,13.0,1.0,13.0,1.0,21.0,1.0,23.0,20.0,23.0,22.0,155.0,22.0,159.0
fam:BruteForce,bytes_fwd,24843,7522,0.6713238050136993,0.0,0.0,60.0,780.0,60.0,780.0,60.0,3080.0,60.0,3132.0,3064.0,3220.0,3168.0,22040.0,3252.0,22284.0
fam:BruteForce,bytes_bwd,24843,7522,0.6713238050136993,0.0,0.0,40.0,520.0,40.0,520.0,40.0,3765.0,40.0,3869.0,3713.0,3869.0,3817.0,26771.0,3817.0,26979.0
fam:BruteForce,bytes_per_pkt_fwd,24843,7522,0.45675321208628633,0.0,0.0,60.0,60.0,60.0,60.0,60.0,127.69230651855469,60.0,135.47825622558594,136.17391967773438,136.17391967773438,141.4545440673828,139.6521759033203,144.95237731933594,143.42857360839844
fam:BruteForce,bytes_per_pkt_bwd,24843,7522,0.45675321208628633,0.0,0.0,40.0,40.0,40.0,40.0,40.0,168.21739196777344,40.0,168.21739196777344,173.5,174.2941131591797,185.64999389648438,179.2857208251953,185.64999389648438,179.2857208251953
fam:BruteForce,protocol,24843,7522,0.0,0.0,0.0,6.0,6.0,6.0,6.0,6.0,6.0,6.0,6.0,6.0,6.0,6.0,6.0,6.0,6.0
fam:BruteForce,pkt_len_max,24843,7522,0.7847646902419569,0.0,0.0,40.0,60.0,40.0,60.0,40.0,1028.0,40.0,1028.0,1016.0,1028.0,1016.0,1028.0,1016.0,1028.0
fam:BruteForce,pkt_len_min,24843,7522,0.785296463706461,0.0,0.0,40.0,40.0,40.0,40.0,40.0,52.0,40.0,52.0,40.0,52.0,40.0,52.0,40.0,52.0
fam:BruteForce,flag_syn,24843,7522,0.0003988300983780909,0.0,0.0003988300983780909,1.0,1.0,1.0,1.0,1.0,1.0,1.0,1.0,1.0,1.0,1.0,1.0,1.0,1.0
fam:BruteForce,flag_fin,24843,7522,0.45662026872016026,0.6714567483798253,0.214836479659665,0.0,0.0,0.0,0.0,0.0,1.0,0.0,1.0,1.0,1.0,1.0,1.0,1.0,1.0
fam:BruteForce,flag_rst,24843,7522,0.45675321208628633,0.32854325162017467,0.785296463706461,0.0,0.0,0.0,0.0,0.0,0.0,1.0,0.0,1.0,0.0,1.0,1.0,1.0,1.0
fam:BruteForce,flag_psh,24843,7522,0.45675321208628633,0.6714567483798253,0.21470353629353894,0.0,0.0,0.0,0.0,0.0,1.0,0.0,1.0,1.0,1.0,1.0,1.0,1.0,1.0
fam:BruteForce,flag_ack,24843,7522,0.0,0.0,0.0,1.0,1.0,1.0,1.0,1.0,1.0,1.0,1.0,1.0,1.0,1.0,1.0,1.0,1.0
fam:BruteForce,init_win_fwd,24843,7522,0.0003988300983780909,0.0,0.0,26883.0,26883.0,26883.0,26883.0,26883.0,26883.0,26883.0,26883.0,26883.0,26883.0,26883.0,26883.0,26883.0,26883.0
fam:BruteForce,init_win_bwd,24843,7522,0.45675321208628633,0.6714567483798253,0.21470353629353894,0.0,0.0,0.0,0.0,0.0,26847.0,0.0,26847.0,26847.0,26847.0,26847.0,26847.0,26847.0,26847.0
fam:BruteForce,dst_port,24843,7522,0.45675321208628633,0.0,0.0,21.0,21.0,21.0,21.0,21.0,22.0,21.0,22.0,22.0,22.0,22.0,22.0,22.0,22.0
fam:DDoS,duration_s,119823,88570,0.9670091453087953,0.0,0.0329908546912047,0.0010760000441223383,0.0,0.0011690000537782907,4294.54541015625,0.0016070000128820539,4294.9169921875,0.017134999856352806,4294.94140625,0.15318849682807922,4294.958984375,1.5206479072570798,4294.96435546875,1.7790976452827452,4294.96435546875
fam:DDoS,pkts_fwd,119823,88570,0.9876434958642768,8.345643156989894e-6,0.0,3.0,4.0,3.0,5.0,3.0,5.0,3.0,5.0,3.0,5.0,3.0,5.0,3.0,4957.309999999998
fam:DDoS,pkts_bwd,119823,88570,0.7759654603859725,0.0015522896272001203,0.021474539911934064,4.0,0.0,4.0,4.0,4.0,5.0,4.0,5.0,4.0,5.0,4.0,5.0,4.0,5.0
fam:DDoS,bytes_fwd,119823,88570,0.6625120129983302,8.345643156989894e-6,0.0,152.0,192.0,152.0,232.0,381.0,461.0,423.0,503.0,447.0,527.0,472.0,553.0,497.0,297438.59999999986
fam:DDoS,bytes_bwd,119823,88570,0.7759654603859725,0.0015522896272001203,0.021474539911934064,1107.0,0.0,1107.0,1136.0,1107.0,1147.0,1107.0,1147.0,1107.0,1147.0,1136.0,1147.0,1136.0,1147.0
fam:DDoS,bytes_per_pkt_fwd,119823,88570,0.7852941953368272,8.345643156989894e-6,0.0,50.66666793823242,46.400001525878906,50.66666793823242,46.400001525878906,126.66666412353516,92.0,140.3333282470703,100.0,149.0,105.4000015258789,157.3333282470703,110.4000015258789,165.6666717529297,115.4000015258789
fam:DDoS,bytes_per_pkt_bwd,119823,88570,0.7961248112691032,0.0015522896272001203,0.021474539911934064,276.75,0.0,276.75,229.39999389648438,276.75,229.39999389648438,276.75,229.39999389648438,276.75,229.39999389648438,284.0,284.0,284.0,284.0
fam:DDoS,protocol,119823,88570,0.0124930982016358,0.0,0.0,6.0,6.0,6.0,6.0,6.0,6.0,6.0,6.0,6.0,6.0,6.0,6.0,6.0,17.0
fam:DDoS,pkt_len_max,119823,88570,0.020159350883130693,0.0,0.0,975.0,60.0,975.0,975.0,975.0,975.0,975.0,975.0,975.0,975.0,1004.0,1004.0,1004.0,1004.0
fam:DDoS,pkt_len_min,119823,88570,0.012484752558478807,0.0,0.0,40.0,40.0,40.0,40.0,40.0,40.0,40.0,40.0,40.0,40.0,40.0,40.0,40.0,60.0
fam:DDoS,flag_syn,119823,88570,0.019913904641576954,0.00156063527035711,0.021474539911934064,1.0,0.0,1.0,1.0,1.0,1.0,1.0,1.0,1.0,1.0,1.0,1.0,1.0,1.0
fam:DDoS,flag_fin,119823,88570,0.020151005239973704,0.00156063527035711,0.021711640510330813,1.0,0.0,1.0,1.0,1.0,1.0,1.0,1.0,1.0,1.0,1.0,1.0,1.0,1.0
fam:DDoS,flag_rst,119823,88570,0.201512927627865,1.0,0.798487072372135,0.0,0.0,0.0,0.0,0.0,0.0,0.0,0.0,0.0,0.0,0.0,1.0,0.0,1.0
fam:DDoS,flag_psh,119823,88570,0.019913904641576954,0.00156063527035711,0.021474539911934064,1.0,0.0,1.0,1.0,1.0,1.0,1.0,1.0,1.0,1.0,1.0,1.0,1.0,1.0
fam:DDoS,flag_ack,119823,88570,0.01248475255847884,0.00156063527035711,0.014045387828835949,1.0,0.0,1.0,1.0,1.0,1.0,1.0,1.0,1.0,1.0,1.0,1.0,1.0,1.0
fam:DDoS,init_win_fwd,119823,88570,0.019913904641576954,0.0,0.021474539911934064,8192.0,0.0,8192.0,8192.0,65535.0,65535.0,65535.0,65535.0,65535.0,65535.0,65535.0,65535.0,65535.0,65535.0
fam:DDoS,init_win_bwd,119823,88570,0.019913904641576954,0.0,0.021474539911934064,26883.0,0.0,26883.0,26883.0,26883.0,26883.0,26883.0,26883.0,26883.0,26883.0,26883.0,26883.0,26883.0,26883.0
fam:DDoS,dst_port,119823,88570,8.345643156989894e-6,8.345643156989894e-6,0.0,80.0,80.0,80.0,80.0,80.0,80.0,80.0,80.0,80.0,80.0,80.0,80.0,80.0,80.0
fam:DoS,duration_s,169973,30433,0.953241547004896,0.0,0.046758452995104,1.9999999949504854e-6,0.0,0.000018000000636675395,4294.076171875,0.06792199611663818,4294.67041015625,0.09178899973630905,4294.7021484375,0.13286300003528595,4294.7802734375,1.057856249809265,4294.88916015625,6.985576915740967,4294.951171875
fam:DoS,pkts_fwd,169973,30433,0.9670375799637232,0.0,0.0,1.0,5.0,1.0,6.0,3.0,17.0,3.0,23.0,3.0,26.0,5.0,28.0,6.0,30.0
fam:DoS,pkts_bwd,169973,30433,0.9602979225647643,0.000994275561412695,0.0051260145237078175,1.0,3.0,1.0,5.0,4.0,15.0,4.0,20.0,4.0,25.0,4.0,25.0,4.0,26.0
fam:DoS,bytes_fwd,169973,30433,0.8939291892062619,0.0,0.0,60.0,420.0,60.0,629.0,488.0,2319.0,517.0,3011.0,545.0,3276.0,938.0,3943.399999999998,1387.0,4524.0
fam:DoS,bytes_bwd,169973,30433,0.9297836154694263,0.000994275561412695,0.0051260145237078175,40.0,160.0,40.0,826.0,1151.0,3609.0,1151.0,4812.0,1151.0,6015.0,1151.0,6015.0,1151.0,6067.0
fam:DoS,bytes_per_pkt_fwd,169973,30433,0.7967872317196733,0.0,0.0,60.0,60.0,60.0,107.66666412353516,158.0,117.81818389892578,169.6666717529297,122.61904907226562,178.0,131.8518524169922,229.8999969482412,152.32142639160156,264.20001220703125,221.73333740234375
fam:DoS,bytes_per_pkt_bwd,169973,30433,0.8878146900018444,0.000994275561412695,0.0051260145237078175,40.0,40.0,40.0,69.46666717529297,287.75,240.60000610351562,287.75,240.60000610351562,287.75,240.60000610351562,287.75,287.71429443359375,366.3333435058594,332.0
fam:DoS,protocol,169973,30433,0.0,0.0,0.0,6.0,6.0,6.0,6.0,6.0,6.0,6.0,6.0,6.0,6.0,6.0,6.0,6.0,6.0
fam:DoS,pkt_len_max,169973,30433,0.933138890992649,0.0,0.0,40.0,60.0,40.0,568.0,975.0,987.0,975.0,987.0,975.0,987.0,975.0,1024.0,975.0,1024.0
fam:DoS,pkt_len_min,169973,30433,0.9354319324417573,0.0,0.0,40.0,40.0,40.0,40.0,40.0,52.0,40.0,52.0,40.0,52.0,40.0,52.0,40.0,52.0
fam:DoS,flag_syn,169973,30433,0.0011676397020715583,0.0017591029163455372,0.000591463214273979,1.0,1.0,1.0,1.0,1.0,1.0,1.0,1.0,1.0,1.0,1.0,1.0,1.0,1.0
fam:DoS,flag_fin,169973,30433,0.009045886706515127,0.0651691739276238,0.05612328722110867,0.0,0.0,0.0,0.0,1.0,1.0,1.0,1.0,1.0,1.0,1.0,1.0,1.0,1.0
fam:DoS,flag_rst,169973,30433,0.056974401888287285,0.9376959870097016,0.8807215851214143,0.0,0.0,0.0,0.0,0.0,0.0,0.0,0.0,0.0,0.0,1.0,1.0,1.0,1.0
fam:DoS,flag_psh,169973,30433,0.020112586633206447,0.0559618292317015,0.035849242598495056,0.0,0.0,0.0,1.0,1.0,1.0,1.0,1.0,1.0,1.0,1.0,1.0,1.0,1.0
fam:DoS,flag_ack,169973,30433,0.004098879894835456,0.000994275561412695,0.0050931554562481515,1.0,1.0,1.0,1.0,1.0,1.0,1.0,1.0,1.0,1.0,1.0,1.0,1.0,1.0
fam:DoS,init_win_fwd,169973,30433,0.0017591029163455372,0.0,0.0,26883.0,26883.0,26883.0,26883.0,26883.0,26883.0,26883.0,26883.0,26883.0,26883.0,26883.0,26883.0,26883.0,26883.0
fam:DoS,init_win_bwd,169973,30433,0.021970266751930985,0.05496755367028881,0.03555351099135807,0.0,0.0,0.0,26847.0,26847.0,26847.0,26847.0,26847.0,26847.0,26847.0,26847.0,26847.0,26847.0,26847.0
fam:DoS,dst_port,169973,30433,0.024540057202638566,0.0,0.0,21.0,21.0,21.0,80.0,80.0,80.0,80.0,80.0,80.0,80.0,80.0,80.0,80.0,80.0
