track,model,adapter,rows,labels,compute_s,delta_fpr,delta_mcc,delta_dr,best_within_model_share
cic77,mlp,adabn,100,0.0,0.010103750228881835,-0.02046274845033288,0.12517085002815778,0.11294806344947829,0.02
cic77,mlp,coral(lam=0.1),100,0.0,3.665314750671387,-0.01991882358015457,0.06871375193328914,0.09172528091450745,0.02
cic77,mlp,coral(lam=1.0),100,0.0,3.254687879085541,-0.04245909582184477,0.061053402406563394,0.10567783031439386,0.02
cic77,mlp,coral(lam=10.0),100,0.0,3.1011519908905028,-0.03950822096774076,0.09614012442824711,0.13169631623661907,0.16
cic77,mlp,dann,100,0.0,2.9433305740356444,-0.06112415230926615,-0.016247273391787637,0.056466034824597194,0.02
cic77,mlp,"fewshot(budget=1000,rule=random)",100,1000.0,0.05188619613647461,-0.13243193169208642,0.39795330377125515,0.619510188547304,0.46
cic77,mlp,"fewshot(budget=200,rule=random)",100,200.0,0.04980300903320312,-0.12481270879385142,0.3918881424153321,0.5997842695689649,0.27
cic77,mlp,"fewshot(budget=50,rule=random)",100,50.0,0.050506396293640135,-0.10556298456456989,0.3464032930784275,0.5125712564625281,0.16
cic77,mlp,scaling,100,0.0,0.20561347246170045,0.0023046659632622794,-0.001008401885147882,-0.025503537609607937,0.03
cic77,mlp,tent,100,0.0,0.19208404541015625,-0.00035905406273372575,0.0007024235727008195,-0.0007106680069072352,0.02
cic77,mlp,wait,100,0.0,0.0,0.0,0.0,0.0,0.02
cic77,xgb,"fewshot(budget=1000,rule=random)",100,1000.0,1.7522412586212157,-0.0007170355779668546,0.5439920362189795,0.6080180635741433,0.9
cic77,xgb,"fewshot(budget=200,rule=random)",100,200.0,1.7161324262619018,-0.0025065733272392975,0.4658274688092207,0.5116668468482921,0.08
cic77,xgb,wait,100,0.0,0.0,0.0,0.0,0.0,0.06
nf43,mlp,adabn,300,0.0,0.00621697743733724,0.0025663860197423817,-0.130795684406783,-0.12704139007252596,0.016666666666666666
nf43,mlp,coral(lam=0.1),300,0.0,1.69763409614563,-0.09422270103295446,-0.08827281334314117,0.044793232573788394,0.016666666666666666
nf43,mlp,coral(lam=1.0),300,0.0,1.7177828232447305,-0.09985179238749689,-0.09579943128034721,0.04666827168866268,0.0
nf43,mlp,coral(lam=10.0),300,0.0,1.708453856309255,-0.09593790525667494,-0.09255889978166945,0.04417606549350143,0.0033333333333333335
nf43,mlp,dann,300,0.0,1.4959982005755106,-0.17648899645599825,-0.1292316778697546,0.09247531953060113,0.0
nf43,mlp,"fewshot(budget=1000,rule=random)",300,1000.0,0.0466758139928182,-0.16185856073372207,0.26531498950231824,0.5204448170169528,0.4
nf43,mlp,"fewshot(budget=200,rule=random)",300,200.0,0.044906964302062986,-0.16545405027787774,0.23802736733847826,0.4780566300715781,0.27
nf43,mlp,"fewshot(budget=50,rule=random)",300,50.0,0.04482311010360718,-0.07069695073257888,0.20464422181939657,0.3047394247010672,0.22666666666666666
nf43,mlp,scaling,300,0.0,0.11068485736846924,0.03338988655395649,-0.1165273375279967,-0.1354768978288413,0.0033333333333333335
nf43,mlp,tent,300,0.0,0.10310208479563396,-0.015220223819268958,-0.022455664686534562,0.0066489855616277535,0.03
nf43,mlp,wait,300,0.0,0.0,0.0,0.0,0.0,0.03666666666666667
nf43,reptile,reptile(budget=1000),300,1000.0,0.02296096722284953,-0.23090687642732718,0.19700872850685247,0.5238417078856177,0.36
nf43,reptile,reptile(budget=200),300,200.0,0.022385778427124022,-0.16796740052521072,0.2205323151783095,0.4868405865598849,0.38
nf43,reptile,reptile(budget=50),300,50.0,0.02198173443476359,-0.12059008028608015,0.18094332001928615,0.38704545165273857,0.26
nf43,xgb,"fewshot(budget=1000,rule=random)",300,1000.0,0.6953638521830241,0.004330306885295369,0.564504710627231,0.5700144883862435,0.9366666666666666
nf43,xgb,"fewshot(budget=200,rule=random)",300,200.0,0.6761077427864075,0.0029743158120562963,0.45050376862052083,0.4257069368015992,0.023333333333333334
nf43,xgb,wait,300,0.0,0.0,0.0,0.0,0.0,0.04
