pair,method,fixed_action,windows,utility,regret,top1,wait_share,spearman,utility_metric,label_cost
lycos17->lycos18,selector,,50,0.7642837018879686,0.005990480711882691,0.86,0.0,0.7069239638690131,mcc,0.0
lycos17->lycos18,always-tent,,50,-0.005175856849192343,0.7754500394490437,0.0,0.0,,mcc,0.0
lycos17->lycos18,best-fixed,"xgb:fewshot(budget=1000,rule=random)",50,0.7685231765573886,0.0017510060424627617,0.92,0.0,,mcc,0.0
lycos17->lycos18,random,,50,0.29594647924725215,0.47432770335259916,0.1,0.04,,mcc,0.0
lycos17->lycos18,oracle,,50,0.7702741825998513,0.0,1.0,0.0,,mcc,0.0
lycos18->lycos17,selector,,50,0.3517933139060487,0.01837480315293852,0.52,0.0,0.5804666296363018,mcc,0.0
lycos18->lycos17,always-tent,,50,0.006580703994593981,0.36358741306439313,0.0,0.0,,mcc,0.0
lycos18->lycos17,best-fixed,"xgb:fewshot(budget=1000,rule=random)",50,0.3517933139060487,0.01837480315293852,0.52,0.0,,mcc,0.0
lycos18->lycos17,random,,50,0.10519110393560276,0.2649770131233844,0.1,0.04,,mcc,0.0
lycos18->lycos17,oracle,,50,0.37016811705898717,0.0,1.0,0.0,,mcc,0.0
nf_cse_cic18_v2->nf_ton_v2,selector,,50,0.6409457860392495,0.005208326905133966,0.96,0.0,0.5924970150507584,mcc,0.0
nf_cse_cic18_v2->nf_ton_v2,always-tent,,50,0.011681023367957163,0.6344730895764262,0.0,0.0,,mcc,0.0
nf_cse_cic18_v2->nf_ton_v2,best-fixed,"xgb:fewshot(budget=1000,rule=random)",50,0.64598876810904,0.00016534483534334622,0.98,0.0,,mcc,0.0
nf_cse_cic18_v2->nf_ton_v2,random,,50,0.11398886951702268,0.5321652434273606,0.04,0.12,,mcc,0.0
nf_cse_cic18_v2->nf_ton_v2,oracle,,50,0.6461541129443833,0.0,1.0,0.0,,mcc,0.0
nf_cse_cic18_v2->nf_unsw_v2,selector,,50,0.4986878415340118,0.0041773483523919455,0.8,0.0,0.4675880559158926,mcc,0.0
nf_cse_cic18_v2->nf_unsw_v2,always-tent,,50,0.00045804157691143606,0.5024071483094922,0.0,0.0,,mcc,0.0
nf_cse_cic18_v2->nf_unsw_v2,best-fixed,"xgb:fewshot(budget=1000,rule=random)",50,0.49890583468175465,0.003959355204649049,0.8,0.0,,mcc,0.0
nf_cse_cic18_v2->nf_unsw_v2,random,,50,0.08021046811876059,0.42265472176764307,0.02,0.12,,mcc,0.0
nf_cse_cic18_v2->nf_unsw_v2,oracle,,50,0.5028651898864037,0.0,1.0,0.0,,mcc,0.0
nf_ton_v2->nf_cse_cic18_v2,selector,,50,0.22922844155601227,0.0021418465028531066,0.84,0.0,0.6838840392722627,mcc,0.0
nf_ton_v2->nf_cse_cic18_v2,always-tent,,50,-0.10596836143783321,0.3373386494966987,0.0,0.0,,mcc,0.0
nf_ton_v2->nf_cse_cic18_v2,best-fixed,"xgb:fewshot(budget=1000,rule=random)",50,0.22946475268513702,0.0019055353737283288,0.86,0.0,,mcc,0.0
nf_ton_v2->nf_cse_cic18_v2,random,,50,-0.1610565106551091,0.3924267987139744,0.04,0.12,,mcc,0.0
nf_ton_v2->nf_cse_cic18_v2,oracle,,50,0.23137028805886536,0.0,1.0,0.0,,mcc,0.0
nf_ton_v2->nf_unsw_v2,selector,,50,0.2033738636557458,0.005195602188146693,0.68,0.0,0.6795413894069143,mcc,0.0
nf_ton_v2->nf_unsw_v2,always-tent,,50,-0.04039906204342628,0.24896852788731877,0.02,0.0,,mcc,0.0
nf_ton_v2->nf_unsw_v2,best-fixed,"xgb:fewshot(budget=1000,rule=random)",50,0.2033738636557458,0.005195602188146693,0.68,0.0,,mcc,0.0
nf_ton_v2->nf_unsw_v2,random,,50,-0.2136416339444616,0.4222110997883541,0.02,0.12,,mcc,0.0
nf_ton_v2->nf_unsw_v2,oracle,,50,0.2085694658438925,0.0,1.0,0.02,,mcc,0.0
nf_unsw_v2->nf_cse_cic18_v2,selector,,50,1.0797614957849602,0.0017840132040834766,0.88,0.0,0.6492404117789983,mcc,0.0
nf_unsw_v2->nf_cse_cic18_v2,always-tent,,50,-5.2387161762688095e-05,1.0815978961508064,0.0,0.0,,mcc,0.0
nf_unsw_v2->nf_cse_cic18_v2,best-fixed,"xgb:fewshot(budget=1000,rule=random)",50,1.0797614957849602,0.0017840132040834766,0.88,0.0,,mcc,0.0
nf_unsw_v2->nf_cse_cic18_v2,random,,50,0.3217586336919896,0.759786875297054,0.02,0.12,,mcc,0.0
nf_unsw_v2->nf_cse_cic18_v2,oracle,,50,1.0815455089890436,0.0,1.0,0.0,,mcc,0.0
nf_unsw_v2->nf_ton_v2,selector,,50,0.6262326860738119,0.0017568471710126942,0.92,0.0,0.5534642493117339,mcc,0.0
nf_unsw_v2->nf_ton_v2,always-tent,,50,-0.00045324242105380106,0.6284427756658784,0.0,0.0,,mcc,0.0
nf_unsw_v2->nf_ton_v2,best-fixed,"xgb:fewshot(budget=1000,rule=random)",50,0.6262326860738119,0.0017568471710126942,0.92,0.0,,mcc,0.0
nf_unsw_v2->nf_ton_v2,random,,50,0.14539801313487902,0.4825915201099456,0.04,0.12,,mcc,0.0
nf_unsw_v2->nf_ton_v2,oracle,,50,0.6279895332448245,0.0,1.0,0.0,,mcc,0.0
lycos17->lycos18,selector,,50,0.6460582376777875,0.0498711933344628,0.2,0.0,0.6776253603368388,mcc,0.0001
lycos17->lycos18,always-tent,,50,-0.005175856849192343,0.7011052878614428,0.0,0.0,,mcc,0.0001
lycos17->lycos18,best-fixed,"xgb:fewshot(budget=1000,rule=random)",50,0.6685231765573886,0.027406254454861667,0.32,0.0,,mcc,0.0001
lycos17->lycos18,random,,50,0.2770464792472521,0.41888295176499823,0.1,0.04,,mcc,0.0001
lycos17->lycos18,oracle,,50,0.6959294310122501,0.0,1.0,0.0,,mcc,0.0001
lycos18->lycos17,selector,,50,0.2616568407543204,0.05938832119191206,0.36,0.0,0.47345338566950107,mcc,0.0001
lycos18->lycos17,always-tent,,50,0.006580703994593981,0.31446445795163847,0.0,0.0,,mcc,0.0001
lycos18->lycos17,best-fixed,"xgb:fewshot(budget=1000,rule=random)",50,0.25179331390604864,0.06925184804018382,0.26,0.0,,mcc,0.0001
lycos18->lycos17,random,,50,0.08629110393560273,0.23475405801062973,0.1,0.04,,mcc,0.0001
lycos18->lycos17,oracle,,50,0.32104516194623245,0.0,1.0,0.02,,mcc,0.0001
nf_cse_cic18_v2->nf_ton_v2,selector,,50,0.5039522373116978,0.049656150419380596,0.46,0.0,0.534480949087817,mcc,0.0001
nf_cse_cic18_v2->nf_ton_v2,always-tent,,50,0.011681023367957163,0.5419273643631212,0.0,0.0,,mcc,0.0001
nf_cse_cic18_v2->nf_ton_v2,best-fixed,"xgb:fewshot(budget=1000,rule=random)",50,0.5459887681090401,0.007619619622038287,0.74,0.0,,mcc,0.0001
nf_cse_cic18_v2->nf_ton_v2,random,,50,0.09288886951702269,0.4607195182140556,0.04,0.12,,mcc,0.0001
nf_cse_cic18_v2->nf_ton_v2,oracle,,50,0.5536083877310783,0.0,1.0,0.0,,mcc,0.0001
nf_cse_cic18_v2->nf_unsw_v2,selector,,50,0.40576753513898034,0.04196355506924147,0.28,0.0,0.32352321209328966,mcc,0.0001
nf_cse_cic18_v2->nf_unsw_v2,always-tent,,50,0.00045804157691143606,0.44727304863131045,0.12,0.0,,mcc,0.0001
nf_cse_cic18_v2->nf_unsw_v2,best-fixed,"xgb:fewshot(budget=1000,rule=random)",50,0.3989058346817547,0.04882525552646716,0.28,0.0,,mcc,0.0001
nf_cse_cic18_v2->nf_unsw_v2,random,,50,0.0591104681187606,0.3886206220894612,0.08,0.12,,mcc,0.0001
nf_cse_cic18_v2->nf_unsw_v2,oracle,,50,0.4477310902082219,0.0,1.0,0.0,,mcc,0.0001
nf_ton_v2->nf_cse_cic18_v2,selector,,50,0.06944572914427707,0.10215121579242722,0.18,0.5,0.6237620466616733,mcc,0.0001
nf_ton_v2->nf_cse_cic18_v2,always-tent,,50,-0.10596836143783321,0.2775653063745375,0.06,0.0,,mcc,0.0001
nf_ton_v2->nf_cse_cic18_v2,best-fixed,"xgb:fewshot(budget=1000,rule=random)",50,0.12946475268513707,0.04213219225156729,0.22,0.0,,mcc,0.0001
nf_ton_v2->nf_cse_cic18_v2,random,,50,-0.18215651065510904,0.3537534555918135,0.12,0.12,,mcc,0.0001
nf_ton_v2->nf_cse_cic18_v2,oracle,,50,0.17159694493670433,0.0,1.0,0.1,,mcc,0.0001
nf_ton_v2->nf_unsw_v2,selector,,50,0.12190820378282066,0.03381786626056849,0.3,0.06,0.6237151426046978,mcc,0.0001
nf_ton_v2->nf_unsw_v2,always-tent,,50,-0.04039906204342628,0.19612513208681537,0.06,0.0,,mcc,0.0001
nf_ton_v2->nf_unsw_v2,best-fixed,"xgb:fewshot(budget=1000,rule=random)",50,0.1033738636557458,0.05235220638764334,0.24,0.0,,mcc,0.0001
nf_ton_v2->nf_unsw_v2,random,,50,-0.23474163394446154,0.3904677039878507,0.08,0.12,,mcc,0.0001
nf_ton_v2->nf_unsw_v2,oracle,,50,0.15572607004338918,0.0,1.0,0.26,,mcc,0.0001
nf_unsw_v2->nf_cse_cic18_v2,selector,,50,0.9065951473865774,0.10650803238252601,0.16,0.06,0.6024454070352167,mcc,0.0001
nf_unsw_v2->nf_cse_cic18_v2,always-tent,,50,-5.2387161762688095e-05,1.013155566930866,0.0,0.0,,mcc,0.0001
nf_unsw_v2->nf_cse_cic18_v2,best-fixed,"xgb:fewshot(budget=1000,rule=random)",50,0.9797614957849601,0.03334168398414342,0.3,0.0,,mcc,0.0001
nf_unsw_v2->nf_cse_cic18_v2,random,,50,0.3006586336919896,0.7124445460771139,0.04,0.12,,mcc,0.0001
nf_unsw_v2->nf_cse_cic18_v2,oracle,,50,1.0131031797691035,0.0,1.0,0.0,,mcc,0.0001
nf_unsw_v2->nf_ton_v2,selector,,50,0.4711132274483872,0.07261241072400117,0.42,0.0,0.5112751940986333,mcc,0.0001
nf_unsw_v2->nf_ton_v2,always-tent,,50,-0.00045324242105380106,0.5441788805934421,0.0,0.0,,mcc,0.0001
nf_unsw_v2->nf_ton_v2,best-fixed,"xgb:fewshot(budget=1000,rule=random)",50,0.5262326860738119,0.017492952098576434,0.52,0.0,,mcc,0.0001
nf_unsw_v2->nf_ton_v2,random,,50,0.12429801313487902,0.4194276250375093,0.04,0.12,,mcc,0.0001
nf_unsw_v2->nf_ton_v2,oracle,,50,0.5437256381723884,0.0,1.0,0.0,,mcc,0.0001
lycos17->lycos18,selector,,50,0.6375376546109572,0.03359072425345569,0.7,0.06,0.5876054745960233,mcc,0.0002
lycos17->lycos18,always-tent,,50,-0.005175856849192343,0.6763042357136052,0.0,0.0,,mcc,0.0002
lycos17->lycos18,best-fixed,"xgb:fewshot(budget=200,rule=random)",50,0.6632983028076689,0.007830076056744217,0.8,0.0,,mcc,0.0002
lycos17->lycos18,random,,50,0.2581464792472521,0.4129818996171608,0.06,0.04,,mcc,0.0002
lycos17->lycos18,oracle,,50,0.6711283788644131,0.0,1.0,0.0,,mcc,0.0002
lycos18->lycos17,selector,,50,0.2295687227844201,0.0673087487775864,0.34,0.0,0.3993366094837241,mcc,0.0002
lycos18->lycos17,always-tent,,50,0.006580703994593981,0.2902967675674125,0.0,0.0,,mcc,0.0002
lycos18->lycos17,best-fixed,"xgb:fewshot(budget=200,rule=random)",50,0.2206890528362509,0.07618841872575559,0.32,0.0,,mcc,0.0002
lycos18->lycos17,random,,50,0.06739110393560274,0.22948636762640373,0.04,0.04,,mcc,0.0002
lycos18->lycos17,oracle,,50,0.29687747156200645,0.0,1.0,0.02,,mcc,0.0002
nf_cse_cic18_v2->nf_ton_v2,selector,,50,0.45904767566223603,0.03956827499076104,0.64,0.0,0.487012945331636,mcc,0.0002
nf_cse_cic18_v2->nf_ton_v2,always-tent,,50,0.011681023367957163,0.4869349272850399,0.0,0.0,,mcc,0.0002
nf_cse_cic18_v2->nf_ton_v2,best-fixed,"xgb:fewshot(budget=200,rule=random)",50,0.48652803682338475,0.012087913829612353,0.76,0.0,,mcc,0.0002
nf_cse_cic18_v2->nf_ton_v2,random,,50,0.07178886951702265,0.42682708113597434,0.04,0.12,,mcc,0.0002
nf_cse_cic18_v2->nf_ton_v2,oracle,,50,0.498615950652997,0.0,1.0,0.0,,mcc,0.0002
nf_cse_cic18_v2->nf_unsw_v2,selector,,50,0.35836208143409565,0.061955652920574915,0.2,0.0,0.32038732212640486,mcc,0.0002
nf_cse_cic18_v2->nf_unsw_v2,always-tent,,50,0.00045804157691143606,0.4198596927777591,0.14,0.0,,mcc,0.0002
nf_cse_cic18_v2->nf_unsw_v2,best-fixed,"xgb:fewshot(budget=200,rule=random)",50,0.3086047571546976,0.11171297719997292,0.14,0.0,,mcc,0.0002
nf_cse_cic18_v2->nf_unsw_v2,random,,50,0.03801046811876059,0.3823072662359099,0.08,0.12,,mcc,0.0002
nf_cse_cic18_v2->nf_unsw_v2,oracle,,50,0.42031773435467057,0.0,1.0,0.0,,mcc,0.0002
nf_ton_v2->nf_cse_cic18_v2,selector,,50,0.009158138469358165,0.14115345307595642,0.14,0.64,0.5775299990406383,mcc,0.0002
nf_ton_v2->nf_cse_cic18_v2,always-tent,,50,-0.10596836143783321,0.25627995298314776,0.08,0.0,,mcc,0.0002
nf_ton_v2->nf_cse_cic18_v2,best-fixed,"xgb:fewshot(budget=200,rule=random)",50,0.11094351200151369,0.03936807954380088,0.42,0.0,,mcc,0.0002
nf_ton_v2->nf_cse_cic18_v2,random,,50,-0.20325651065510905,0.3535681022004237,0.08,0.12,,mcc,0.0002
nf_ton_v2->nf_cse_cic18_v2,oracle,,50,0.15031159154531457,0.0,1.0,0.16,,mcc,0.0002
nf_ton_v2->nf_unsw_v2,selector,,50,0.06840682687982333,0.06483460404633204,0.22,0.04,0.5832434902106493,mcc,0.0002
nf_ton_v2->nf_unsw_v2,always-tent,,50,-0.04039906204342628,0.17364049296958167,0.06,0.0,,mcc,0.0002
nf_ton_v2->nf_unsw_v2,best-fixed,"xgb:fewshot(budget=200,rule=random)",50,0.040348927239257974,0.09289250368689739,0.1,0.0,,mcc,0.0002
nf_ton_v2->nf_unsw_v2,random,,50,-0.2558416339444616,0.389083064870617,0.08,0.12,,mcc,0.0002
nf_ton_v2->nf_unsw_v2,oracle,,50,0.13324143092615537,0.0,1.0,0.32,,mcc,0.0002
nf_unsw_v2->nf_cse_cic18_v2,selector,,50,0.8440877799880125,0.1390539798936763,0.16,0.08,0.5407408671638516,mcc,0.0002
nf_unsw_v2->nf_cse_cic18_v2,always-tent,,50,-5.2387161762688095e-05,0.9831941470434516,0.0,0.0,,mcc,0.0002
nf_unsw_v2->nf_cse_cic18_v2,best-fixed,"xgb:fewshot(budget=200,rule=random)",50,0.9552530053456451,0.027888754536043905,0.78,0.0,,mcc,0.0002
nf_unsw_v2->nf_cse_cic18_v2,random,,50,0.2795586336919895,0.7035831261896993,0.04,0.12,,mcc,0.0002
nf_unsw_v2->nf_cse_cic18_v2,oracle,,50,0.9831417598816892,0.0,1.0,0.0,,mcc,0.0002
nf_unsw_v2->nf_ton_v2,selector,,50,0.42071207032907026,0.07173103283891263,0.48,0.0,0.44994809510291534,mcc,0.0002
nf_unsw_v2->nf_ton_v2,always-tent,,50,-0.00045324242105380106,0.4928963455890367,0.0,0.0,,mcc,0.0002
nf_unsw_v2->nf_ton_v2,best-fixed,"xgb:fewshot(budget=200,rule=random)",50,0.45804351038568997,0.03439959278229292,0.5,0.0,,mcc,0.0002
nf_unsw_v2->nf_ton_v2,random,,50,0.103198013134879,0.3892450900331039,0.08,0.12,,mcc,0.0002
nf_unsw_v2->nf_ton_v2,oracle,,50,0.4924431031679829,0.0,1.0,0.0,,mcc,0.0002
lycos17->lycos18,selector,,50,0.5634354679708192,0.0589461831566599,0.58,0.12,0.5365730039621788,mcc,0.0005
lycos17->lycos18,always-tent,,50,-0.005175856849192343,0.6275575079766714,0.0,0.0,,mcc,0.0005
lycos17->lycos18,best-fixed,"xgb:fewshot(budget=200,rule=random)",50,0.6032983028076688,0.019083348319810393,0.66,0.0,,mcc,0.0005
lycos17->lycos18,random,,50,0.2014464792472521,0.4209351718802271,0.08,0.04,,mcc,0.0005
lycos17->lycos18,oracle,,50,0.6223816511274791,0.0,1.0,0.0,,mcc,0.0005
lycos18->lycos17,selector,,50,0.18875297226697985,0.07423981949339518,0.36,0.08,0.3915935254925192,mcc,0.0005
lycos18->lycos17,always-tent,,50,0.006580703994593981,0.25641208776578106,0.0,0.0,,mcc,0.0005
lycos18->lycos17,best-fixed,"xgb:fewshot(budget=200,rule=random)",50,0.16068905283625093,0.10230373892412416,0.32,0.0,,mcc,0.0005
lycos18->lycos17,random,,50,0.010691103935602743,0.2523016878247723,0.02,0.04,,mcc,0.0005
lycos18->lycos17,oracle,,50,0.2629927917603751,0.0,1.0,0.02,,mcc,0.0005
nf_cse_cic18_v2->nf_ton_v2,selector,,50,0.39846588755000517,0.030821597092425893,0.78,0.0,0.4371392857796978,mcc,0.0005
nf_cse_cic18_v2->nf_ton_v2,always-tent,,50,0.011681023367957163,0.41760646127447393,0.0,0.0,,mcc,0.0005
nf_cse_cic18_v2->nf_ton_v2,best-fixed,"xgb:fewshot(budget=200,rule=random)",50,0.42652803682338464,0.00275944781904646,0.94,0.0,,mcc,0.0005
nf_cse_cic18_v2->nf_ton_v2,random,,50,0.008488869517022673,0.42079861512540845,0.02,0.12,,mcc,0.0005
nf_cse_cic18_v2->nf_ton_v2,oracle,,50,0.42928748464243105,0.0,1.0,0.0,,mcc,0.0005
nf_cse_cic18_v2->nf_unsw_v2,selector,,50,0.22623753479181652,0.15401734363426925,0.1,0.04,0.324783977086099,mcc,0.0005
nf_cse_cic18_v2->nf_unsw_v2,always-tent,,50,0.00045804157691143606,0.3797968368491744,0.24,0.0,,mcc,0.0005
nf_cse_cic18_v2->nf_unsw_v2,best-fixed,"xgb:fewshot(budget=200,rule=random)",50,0.2486047571546976,0.1316501212713882,0.1,0.0,,mcc,0.0005
nf_cse_cic18_v2->nf_unsw_v2,random,,50,-0.025289531881239405,0.4055444103073252,0.06,0.12,,mcc,0.0005
nf_cse_cic18_v2->nf_unsw_v2,oracle,,50,0.38025487842608585,0.0,1.0,0.02,,mcc,0.0005
nf_ton_v2->nf_cse_cic18_v2,selector,,50,-0.01812373792574545,0.13171714250951488,0.24,0.68,0.6746317275152147,mcc,0.0005
nf_ton_v2->nf_cse_cic18_v2,always-tent,,50,-0.10596836143783321,0.21956176602160266,0.08,0.0,,mcc,0.0005
nf_ton_v2->nf_cse_cic18_v2,best-fixed,"xgb:fewshot(budget=200,rule=random)",50,0.05094351200151369,0.06264989258225574,0.46,0.0,,mcc,0.0005
nf_ton_v2->nf_cse_cic18_v2,random,,50,-0.26655651065510905,0.3801499152388786,0.08,0.12,,mcc,0.0005
nf_ton_v2->nf_cse_cic18_v2,oracle,,50,0.11359340458376943,0.0,1.0,0.26,,mcc,0.0005
nf_ton_v2->nf_unsw_v2,selector,,50,0.019851837958444054,0.08246358838283513,0.34,0.22,0.6279442416786518,mcc,0.0005
nf_ton_v2->nf_unsw_v2,always-tent,,50,-0.04039906204342628,0.14271448838470546,0.06,0.0,,mcc,0.0005
nf_ton_v2->nf_unsw_v2,best-fixed,"xgb:fewshot(budget=200,rule=random)",50,-0.01965107276074202,0.1219664991020212,0.18,0.0,,mcc,0.0005
nf_ton_v2->nf_unsw_v2,random,,50,-0.31914163394446154,0.4214570602857408,0.08,0.12,,mcc,0.0005
nf_ton_v2->nf_unsw_v2,oracle,,50,0.10231542634127919,0.0,1.0,0.4,,mcc,0.0005
nf_unsw_v2->nf_cse_cic18_v2,selector,,50,0.8254551472601037,0.09431814604896369,0.62,0.14,0.4004728884189806,mcc,0.0005
nf_unsw_v2->nf_cse_cic18_v2,always-tent,,50,-5.2387161762688095e-05,0.91982568047083,0.0,0.0,,mcc,0.0005
nf_unsw_v2->nf_cse_cic18_v2,best-fixed,"xgb:fewshot(budget=200,rule=random)",50,0.8952530053456451,0.024520287963422312,0.78,0.0,,mcc,0.0005
nf_unsw_v2->nf_cse_cic18_v2,random,,50,0.21625863369198964,0.7035146596170777,0.02,0.12,,mcc,0.0005
nf_unsw_v2->nf_cse_cic18_v2,oracle,,50,0.9197732933090674,0.0,1.0,0.0,,mcc,0.0005
nf_unsw_v2->nf_ton_v2,selector,,50,0.39804351038569,0.026033081166463082,0.72,0.0,0.34901080070381035,mcc,0.0005
nf_unsw_v2->nf_ton_v2,always-tent,,50,-0.00045324242105380106,0.4245298339732069,0.0,0.0,,mcc,0.0005
nf_unsw_v2->nf_ton_v2,best-fixed,"xgb:fewshot(budget=200,rule=random)",50,0.39804351038569,0.026033081166463082,0.72,0.0,,mcc,0.0005
nf_unsw_v2->nf_ton_v2,random,,50,0.03989801313487902,0.384178578417274,0.06,0.12,,mcc,0.0005
nf_unsw_v2->nf_ton_v2,oracle,,50,0.42407659155215316,0.0,1.0,0.0,,mcc,0.0005
lycos17->lycos18,selector,,50,0.0003404945263408855,0.0009014881254447845,0.18,0.44,0.6162216395935238,fpr,0.0
lycos17->lycos18,always-tent,,50,0.0005682342767751097,0.0006737483750105602,0.2,0.0,,fpr,0.0
lycos17->lycos18,best-fixed,"xgb:fewshot(budget=1000,rule=random)",50,-6.298131649474442e-05,0.0013049639682804145,0.12,0.0,,fpr,0.0
lycos17->lycos18,random,,50,-0.04004871463980033,0.041290697291585986,0.12,0.04,,fpr,0.0
lycos17->lycos18,oracle,,50,0.00124198265178567,0.0,1.0,0.0,,fpr,0.0
lycos18->lycos17,selector,,50,-6.071440403104064e-05,0.010839631277157173,0.38,0.02,0.38695791941051144,fpr,0.0
lycos18->lycos17,always-tent,,50,-0.0012863424022425613,0.012065259275368693,0.0,0.0,,fpr,0.0
lycos18->lycos17,best-fixed,"xgb:fewshot(budget=1000,rule=random)",50,0.010139223244036117,0.0006396936290900136,0.62,0.0,,fpr,0.0
lycos18->lycos17,random,,50,-0.01723827482708487,0.028017191700210997,0.08,0.04,,fpr,0.0
lycos18->lycos17,oracle,,50,0.010778916873126132,0.0,1.0,0.0,,fpr,0.0
nf_cse_cic18_v2->nf_ton_v2,selector,,50,-0.012212292612224644,0.012374658353166803,0.04,0.0,0.7291015157428975,fpr,0.0
nf_cse_cic18_v2->nf_ton_v2,always-tent,,50,-0.00021391738287661533,0.0003762831238187727,0.04,0.0,,fpr,0.0
nf_cse_cic18_v2->nf_ton_v2,best-fixed,"xgb:fewshot(budget=1000,rule=random)",50,-0.011004866242789624,0.01116723198373178,0.0,0.0,,fpr,0.0
nf_cse_cic18_v2->nf_ton_v2,random,,50,-0.24133299202876293,0.2414953577697051,0.04,0.12,,fpr,0.0
nf_cse_cic18_v2->nf_ton_v2,oracle,,50,0.00016236574094215733,0.0,1.0,0.02,,fpr,0.0
nf_cse_cic18_v2->nf_unsw_v2,selector,,50,-0.003988737419752763,0.004005808798537153,0.0,0.02,0.537080911267638,fpr,0.0
nf_cse_cic18_v2->nf_unsw_v2,always-tent,,50,-0.00019067859307187403,0.0002077499718562633,0.04,0.0,,fpr,0.0
nf_cse_cic18_v2->nf_unsw_v2,best-fixed,"xgb:fewshot(budget=1000,rule=random)",50,-0.004053633131039133,0.004070704509823522,0.0,0.0,,fpr,0.0
nf_cse_cic18_v2->nf_unsw_v2,random,,50,-0.09191484829957286,0.09193191967835725,0.02,0.12,,fpr,0.0
nf_cse_cic18_v2->nf_unsw_v2,oracle,,50,1.707137878438928e-05,0.0,1.0,0.14,,fpr,0.0
nf_ton_v2->nf_cse_cic18_v2,selector,,50,-0.0028329950088867876,0.02335812463725269,0.34,0.26,0.6669510358093004,fpr,0.0
nf_ton_v2->nf_cse_cic18_v2,always-tent,,50,-0.07108119570204624,0.09160632533041216,0.0,0.0,,fpr,0.0
nf_ton_v2->nf_cse_cic18_v2,best-fixed,"xgb:fewshot(budget=1000,rule=random)",50,0.018008883356916236,0.0025162462714496733,0.54,0.0,,fpr,0.0
nf_ton_v2->nf_cse_cic18_v2,random,,50,-0.23610508435351615,0.25663021398188207,0.02,0.12,,fpr,0.0
nf_ton_v2->nf_cse_cic18_v2,oracle,,50,0.020525129628365904,0.0,1.0,0.04,,fpr,0.0
nf_ton_v2->nf_unsw_v2,selector,,50,0.010519694656450019,0.006338136575407075,0.34,0.32,0.6384844851839809,fpr,0.0
nf_ton_v2->nf_unsw_v2,always-tent,,50,-0.02031126223353135,0.03716909346538844,0.0,0.0,,fpr,0.0
nf_ton_v2->nf_unsw_v2,best-fixed,"xgb:fewshot(budget=1000,rule=random)",50,0.01547629040811625,0.001381540823740843,0.38,0.0,,fpr,0.0
nf_ton_v2->nf_unsw_v2,random,,50,-0.25393466424846745,0.2707924954803246,0.0,0.12,,fpr,0.0
nf_ton_v2->nf_unsw_v2,oracle,,50,0.01685783123185709,0.0,1.0,0.0,,fpr,0.0
nf_unsw_v2->nf_cse_cic18_v2,selector,,50,0.6322155530656408,0.04657670613796089,0.04,0.0,0.2956515056589599,fpr,0.0
nf_unsw_v2->nf_cse_cic18_v2,always-tent,,50,0.000247513812154696,0.678544745391447,0.0,0.0,,fpr,0.0
nf_unsw_v2->nf_cse_cic18_v2,best-fixed,"xgb:fewshot(budget=1000,rule=random)",50,0.6738152686493727,0.004976990554229031,0.06,0.0,,fpr,0.0
nf_unsw_v2->nf_cse_cic18_v2,random,,50,0.3055061461076982,0.3732861130959034,0.16,0.12,,fpr,0.0
nf_unsw_v2->nf_cse_cic18_v2,oracle,,50,0.6787922592036018,0.0,1.0,0.0,,fpr,0.0
nf_unsw_v2->nf_ton_v2,selector,,50,0.1389258931915034,0.022675607858378015,0.1,0.02,0.5021586875238669,fpr,0.0
nf_unsw_v2->nf_ton_v2,always-tent,,50,0.00022819718375764134,0.16137330386612375,0.0,0.0,,fpr,0.0
nf_unsw_v2->nf_ton_v2,best-fixed,"xgb:fewshot(budget=1000,rule=random)",50,0.14363842316506623,0.017963077884815194,0.0,0.0,,fpr,0.0
nf_unsw_v2->nf_ton_v2,random,,50,-0.04864985590864754,0.21025135695852892,0.16,0.12,,fpr,0.0
nf_unsw_v2->nf_ton_v2,oracle,,50,0.1616015010498814,0.0,1.0,0.0,,fpr,0.0
lycos17->lycos18,selector,,50,0.00033276382446088804,0.000753426832940272,0.24,0.36,0.7297935908050821,fpr,0.0002
lycos17->lycos18,always-tent,,50,0.0005682342767751097,0.0005179563806260504,0.2,0.0,,fpr,0.0002
lycos17->lycos18,best-fixed,"xgb:fewshot(budget=200,rule=random)",50,-0.04158997374262333,0.04267616440002449,0.0,0.0,,fpr,0.0002
lycos17->lycos18,random,,50,-0.07784871463980032,0.07893490529720149,0.12,0.04,,fpr,0.0002
lycos17->lycos18,oracle,,50,0.0010861906574011599,0.0,1.0,0.0,,fpr,0.0002
lycos18->lycos17,selector,,50,-0.01821265430992934,0.023437756044809906,0.12,0.08,0.5199443630218534,fpr,0.0002
lycos18->lycos17,always-tent,,50,-0.0012863424022425613,0.006511444137123126,0.0,0.0,,fpr,0.0002
lycos18->lycos17,best-fixed,"xgb:fewshot(budget=200,rule=random)",50,-0.031912859828380186,0.03713796156326075,0.0,0.0,,fpr,0.0002
lycos18->lycos17,random,,50,-0.05503827482708487,0.06026337656196543,0.16,0.04,,fpr,0.0002
lycos18->lycos17,oracle,,50,0.0052251017348805655,0.0,1.0,0.1,,fpr,0.0002
nf_cse_cic18_v2->nf_ton_v2,selector,,50,-0.03308273293677238,0.033240934613587944,0.06,0.2,0.77767208796846,fpr,0.0002
nf_cse_cic18_v2->nf_ton_v2,always-tent,,50,-0.00021391738287661533,0.0003721190596921852,0.04,0.0,,fpr,0.0002
nf_cse_cic18_v2->nf_ton_v2,best-fixed,"xgb:fewshot(budget=200,rule=random)",50,-0.05335408036640368,0.05351228204321925,0.0,0.0,,fpr,0.0002
nf_cse_cic18_v2->nf_ton_v2,random,,50,-0.2835329920287629,0.2836911937055786,0.04,0.12,,fpr,0.0002
nf_cse_cic18_v2->nf_ton_v2,oracle,,50,0.00015820167681556977,0.0,1.0,0.04,,fpr,0.0002
nf_cse_cic18_v2->nf_unsw_v2,selector,,50,-0.039950170754397066,0.03996064349917321,0.14,0.52,0.37780096959857956,fpr,0.0002
nf_cse_cic18_v2->nf_unsw_v2,always-tent,,50,-0.00019067859307187403,0.00020115133784801836,0.06,0.0,,fpr,0.0002
nf_cse_cic18_v2->nf_unsw_v2,best-fixed,"xgb:fewshot(budget=200,rule=random)",50,-0.042959475368088015,0.04296994811286416,0.0,0.0,,fpr,0.0002
nf_cse_cic18_v2->nf_unsw_v2,random,,50,-0.13411484829957288,0.13412532104434902,0.02,0.12,,fpr,0.0002
nf_cse_cic18_v2->nf_unsw_v2,oracle,,50,1.0472744776144312e-05,0.0,1.0,0.2,,fpr,0.0002
nf_ton_v2->nf_cse_cic18_v2,selector,,50,-0.025576204751361173,0.02716623441922835,0.52,0.62,0.6175191483188944,fpr,0.0002
nf_ton_v2->nf_cse_cic18_v2,always-tent,,50,-0.07108119570204624,0.07267122536991343,0.0,0.0,,fpr,0.0002
nf_ton_v2->nf_cse_cic18_v2,best-fixed,"xgb:fewshot(budget=200,rule=random)",50,-0.02173568075655118,0.023325710424418365,0.0,0.0,,fpr,0.0002
nf_ton_v2->nf_cse_cic18_v2,random,,50,-0.27830508435351614,0.27989511402138334,0.04,0.12,,fpr,0.0002
nf_ton_v2->nf_cse_cic18_v2,oracle,,50,0.001590029667867183,0.0,1.0,0.82,,fpr,0.0002
nf_ton_v2->nf_unsw_v2,selector,,50,-0.0027256617279926842,0.0038828416968059686,0.66,0.9,0.61351307258539,fpr,0.0002
nf_ton_v2->nf_unsw_v2,always-tent,,50,-0.02031126223353135,0.02146844220234464,0.0,0.0,,fpr,0.0002
nf_ton_v2->nf_unsw_v2,best-fixed,"xgb:fewshot(budget=200,rule=random)",50,-0.023990926183811233,0.025148106152624517,0.0,0.0,,fpr,0.0002
nf_ton_v2->nf_unsw_v2,random,,50,-0.29613466424846746,0.2972918442172807,0.06,0.12,,fpr,0.0002
nf_ton_v2->nf_unsw_v2,oracle,,50,0.001157179968813284,0.0,1.0,0.72,,fpr,0.0002
nf_unsw_v2->nf_cse_cic18_v2,selector,,50,0.5801192935524483,0.09589396183808757,0.44,0.14,0.18608611724812754,fpr,0.0002
nf_unsw_v2->nf_cse_cic18_v2,always-tent,,50,0.000247513812154696,0.6757657415783811,0.0,0.0,,fpr,0.0002
nf_unsw_v2->nf_cse_cic18_v2,best-fixed,wait,50,0.0,0.6760132553905358,0.0,1.0,,fpr,0.0002
nf_unsw_v2->nf_cse_cic18_v2,random,,50,0.2633061461076982,0.4127071092828377,0.16,0.12,,fpr,0.0002
nf_unsw_v2->nf_cse_cic18_v2,oracle,,50,0.6760132553905358,0.0,1.0,0.0,,fpr,0.0002
nf_unsw_v2->nf_ton_v2,selector,,50,0.023933302268702664,0.1374683216100445,0.16,0.7,0.6292321390773455,fpr,0.0002
nf_unsw_v2->nf_ton_v2,always-tent,,50,0.00022819718375764134,0.16117342669498952,0.0,0.0,,fpr,0.0002
nf_unsw_v2->nf_ton_v2,best-fixed,"xgb:fewshot(budget=200,rule=random)",50,0.09786074820063571,0.06354087567811142,0.0,0.0,,fpr,0.0002
nf_unsw_v2->nf_ton_v2,random,,50,-0.09084985590864754,0.2522514797873947,0.16,0.12,,fpr,0.0002
nf_unsw_v2->nf_ton_v2,oracle,,50,0.16140162387874718,0.0,1.0,0.0,,fpr,0.0002
