window,n,ks_max,ks_top5,ks_mean,mmd_stat,mean_conf,entropy,est_fpr_rise,attack_share_pred,adwin,novelty_share,attack_share
0,5000,0.29595,0.28091000000000005,0.13984285714285716,0.04001724720001221,0.9712097644805908,0.1277536004781723,-0.012999999999999975,0.0132,0.0,0.0292,0.0
1,5000,0.24994999999999995,0.24006,0.11686517857142856,0.030185222625732422,0.9707455039024353,0.1283501535654068,-0.010599999999999974,0.0152,0.0,0.019,0.0
2,5000,0.23019999999999996,0.20877999999999997,0.09668482142857145,0.02258092164993286,0.9712926745414734,0.12771491706371307,-0.012399999999999975,0.012,0.0,0.0186,0.0
3,5000,0.23619999999999997,0.21319999999999997,0.10340624999999999,0.023278772830963135,0.971535325050354,0.12680470943450928,-0.013799999999999975,0.0114,0.0,0.0136,0.0
4,5000,0.26439999999999997,0.24776999999999996,0.13581517857142858,0.026629269123077393,0.9712443351745605,0.12827925384044647,-0.014599999999999974,0.0096,0.0,0.012,0.0
5,5000,0.24580000000000002,0.20484,0.09494732142857142,0.01844853162765503,0.9694474339485168,0.1310562789440155,-0.005799999999999975,0.0202,0.0,0.0144,0.0
6,5000,0.26880000000000004,0.22255000000000003,0.10317589285714286,0.022100389003753662,0.9723663926124573,0.12461499124765396,-0.015399999999999974,0.0074,0.0,0.0064,0.0
7,5000,0.2802,0.27349999999999997,0.12506071428571428,0.03374373912811279,0.9704715013504028,0.12727060914039612,-0.010799999999999975,0.0126,1.0,0.0174,0.0
8,5000,0.27480000000000004,0.24706,0.1161375,0.025919020175933838,0.9719224572181702,0.12484482675790787,-0.012799999999999975,0.01,0.0,0.0112,0.0
9,5000,0.251,0.19796999999999998,0.09116875,0.017384052276611328,0.9709568619728088,0.12807834148406982,-0.011399999999999974,0.0126,0.0,0.0078,0.0
10,5000,0.29479999999999995,0.24533999999999997,0.11486339285714287,0.03036099672317505,0.9715365171432495,0.12578308582305908,-0.015599999999999975,0.0078,0.0,0.0072,0.0
11,5000,0.25939999999999996,0.19973999999999997,0.10330714285714285,0.01800304651260376,0.9722943305969238,0.125367671251297,-0.017199999999999976,0.006,0.0,0.0088,0.0
12,5000,0.20920000000000005,0.17512,0.08904464285714286,0.016547560691833496,0.9682783484458923,0.13669487833976746,-0.0067999999999999745,0.0248,1.0,0.0102,0.0
13,5000,0.2278,0.19738000000000003,0.10153660714285714,0.018060266971588135,0.9690046906471252,0.13350577652454376,-0.008799999999999975,0.0154,0.0,0.0124,0.0
14,5000,0.17479999999999996,0.15944999999999998,0.08356160714285714,0.016949117183685303,0.9675788283348083,0.13914069533348083,-0.008799999999999975,0.022,0.0,0.0118,0.0
15,5000,0.23105000000000003,0.21571,0.10668928571428572,0.021592676639556885,0.968097448348999,0.1350821554660797,-0.009199999999999974,0.017,1.0,0.0096,0.0
16,5000,0.22840000000000005,0.18310000000000004,0.09436785714285713,0.017969071865081787,0.9694586992263794,0.1314777284860611,-0.006599999999999974,0.019,0.0,0.0038,0.0
17,5000,0.26780000000000004,0.22024999999999997,0.10588035714285715,0.024498939514160156,0.9721366167068481,0.12565332651138306,-0.017799999999999976,0.0054,0.0,0.0128,0.0
18,5000,0.20545000000000002,0.17524,0.07908928571428572,0.01356416940689087,0.9662231206893921,0.13823068141937256,0.004000000000000024,0.0316,1.0,0.0094,0.0
19,5000,0.20999999999999996,0.18098,0.09083839285714286,0.015049874782562256,0.962243378162384,0.1482061892747879,0.044000000000000025,0.0716,1.0,0.0142,0.0
20,5000,0.19399999999999995,0.16643,0.07922410714285713,0.014398574829101562,0.9689760804176331,0.13428282737731934,-0.0051999999999999755,0.024,0.0,0.0116,0.0
21,5000,0.14365,0.1275,0.07260357142857142,0.011022031307220459,0.9650400280952454,0.1441960483789444,0.019000000000000024,0.0554,1.0,0.0136,0.0
22,5000,0.2444,0.18339999999999995,0.10496428571428572,0.02612614631652832,0.9632011651992798,0.15099696815013885,0.016800000000000023,0.0692,0.0,0.0074,0.0
23,5000,0.1846,0.16690999999999998,0.08751160714285713,0.013436198234558105,0.9697669148445129,0.13216562569141388,-0.010799999999999975,0.02,1.0,0.016,0.0
24,5000,0.19840000000000002,0.14465,0.07557410714285716,0.01328819990158081,0.968111515045166,0.13613972067832947,-0.0003999999999999733,0.032,1.0,0.0128,0.0
25,5000,0.18500000000000005,0.14514,0.07728571428571428,0.012988507747650146,0.9673896431922913,0.13811969757080078,0.006200000000000025,0.0376,1.0,0.015,0.0
26,5000,0.15885000000000005,0.13582999999999998,0.08656607142857142,0.015319347381591797,0.96453458070755,0.14678917825222015,0.013400000000000023,0.0626,0.0,0.0142,0.0
27,5000,0.15654999999999997,0.14576,0.0820080357142857,0.016439437866210938,0.9658712148666382,0.14284345507621765,0.005600000000000025,0.0418,0.0,0.0144,0.0
28,5000,0.19000000000000006,0.14172,0.0778,0.013814091682434082,0.9686345458030701,0.1352660208940506,-0.009199999999999974,0.0258,0.0,0.0126,0.0
29,5000,0.14154999999999995,0.13215,0.07575000000000001,0.01301199197769165,0.9661281108856201,0.14158806204795837,0.006600000000000026,0.0432,0.0,0.0146,0.0
30,5000,0.16594999999999993,0.15686999999999998,0.0851017857142857,0.019983112812042236,0.9662925004959106,0.14065371453762054,0.001600000000000025,0.037,0.0,0.0258,0.0
31,5000,0.20425000000000004,0.18167999999999998,0.09154642857142857,0.017551720142364502,0.964819610118866,0.1464211493730545,0.008600000000000024,0.056,0.0,0.0106,0.0
32,5000,0.1883499999999999,0.16418,0.09176517857142859,0.02021390199661255,0.9663390517234802,0.1423206478357315,0.002400000000000027,0.0402,0.0,0.019,0.0
33,5000,0.14315,0.13048,0.07729375000000001,0.013293325901031494,0.9657790064811707,0.14342325925827026,0.010600000000000026,0.0524,0.0,0.0116,0.0
34,5000,0.23354999999999992,0.20591999999999996,0.10193482142857142,0.02783823013305664,0.9666244387626648,0.14175383746623993,0.00040000000000002534,0.0392,0.0,0.0188,0.0
35,5000,0.15410000000000001,0.14436,0.08120178571428571,0.013989925384521484,0.9659867882728577,0.1429874449968338,0.005800000000000024,0.0494,0.0,0.008,0.0
36,5000,0.23425,0.18456,0.09758035714285715,0.02334541082382202,0.9646623730659485,0.14768105745315552,-0.001999999999999974,0.0488,0.0,0.0288,0.0
37,5000,0.20725,0.16412,0.09443035714285715,0.019948184490203857,0.9643300771713257,0.1471521258354187,0.010000000000000023,0.0576,1.0,0.0144,0.0
38,5000,0.21745000000000003,0.20166,0.10415446428571427,0.02507495880126953,0.9640146493911743,0.14916226267814636,0.008400000000000026,0.066,0.0,0.018,0.0
39,5000,0.21885000000000004,0.19407,0.10030089285714286,0.02455770969390869,0.9647858142852783,0.14620810747146606,0.009400000000000026,0.0572,0.0,0.0116,0.0
40,5000,0.21800000000000003,0.19051000000000004,0.09715357142857142,0.023437440395355225,0.9640048146247864,0.14871017634868622,0.008000000000000024,0.058,0.0,0.0168,0.0
41,5000,0.18055,0.16452000000000003,0.08978660714285715,0.017572879791259766,0.9657067656517029,0.1426004320383072,0.001600000000000025,0.0408,1.0,0.0228,0.0
42,5000,0.2994,0.22003999999999996,0.11705446428571428,0.02935105562210083,0.961982250213623,0.15475152432918549,0.017000000000000022,0.077,0.0,0.017,0.0
43,5000,0.25865,0.2030099999999999,0.10734732142857142,0.025841712951660156,0.9639108180999756,0.14946706593036652,0.011400000000000028,0.0626,0.0,0.0116,0.0
44,5000,0.19885000000000003,0.16573999999999997,0.09847142857142857,0.021699607372283936,0.9651128649711609,0.14574477076530457,0.008800000000000027,0.0542,1.0,0.0082,0.0
45,5000,0.18494999999999995,0.1657,0.09027410714285712,0.0197603702545166,0.9658308625221252,0.14297673106193542,0.0038000000000000256,0.045,0.0,0.0116,0.0
46,5000,0.1654,0.15120999999999998,0.08484017857142856,0.01647549867630005,0.9668160080909729,0.14103123545646667,-0.0001999999999999745,0.0402,0.0,0.015,0.0
47,5000,0.2378,0.20007999999999998,0.09412857142857144,0.022704780101776123,0.9677886962890625,0.13231419026851654,0.0010000000000000252,0.0246,1.0,0.0134,0.0
48,5000,0.19655,0.19311000000000003,0.0938125,0.021122992038726807,0.9715929627418518,0.12587544322013855,-0.012599999999999974,0.0114,0.0,0.0062,0.0
49,5000,0.24245000000000005,0.23196,0.11115714285714286,0.030713915824890137,0.9719845652580261,0.12535515427589417,-0.014799999999999975,0.0082,0.0,0.0046,0.0
50,5000,0.25695000000000007,0.25103,0.12015892857142858,0.03516274690628052,0.9696601629257202,0.1296636164188385,-0.003999999999999976,0.0196,0.0,0.005,0.0
51,5000,0.28605,0.27479,0.12686785714285714,0.03154623508453369,0.9720919728279114,0.12491651624441147,-0.012999999999999975,0.0108,0.0,0.0152,0.0
52,5000,0.25339999999999996,0.24848999999999996,0.1171982142857143,0.03495347499847412,0.9716852307319641,0.12512102723121643,-0.012199999999999975,0.012,0.0,0.0068,0.0
53,5000,0.269,0.25137,0.11253660714285714,0.03199315071105957,0.9707306623458862,0.12732699513435364,-0.009999999999999974,0.0128,1.0,0.0084,0.0
54,5000,0.27159999999999995,0.23369,0.10590178571428573,0.028807759284973145,0.9717093706130981,0.12558136880397797,-0.011999999999999974,0.0144,0.0,0.0124,0.0
55,5000,0.2622,0.21151999999999999,0.10030535714285713,0.02207791805267334,0.9714011549949646,0.1258898377418518,-0.011199999999999974,0.011,1.0,0.0058,0.0
56,5000,0.24180000000000001,0.20776000000000003,0.09822678571428571,0.02049916982650757,0.9709308743476868,0.12656481564044952,-0.010799999999999975,0.0124,0.0,0.0102,0.0
57,5000,0.2959,0.29046000000000005,0.13800267857142856,0.047054946422576904,0.9728869199752808,0.12296236306428909,-0.015599999999999975,0.0074,0.0,0.0034,0.0
58,5000,0.258,0.20770999999999998,0.09523571428571428,0.023671388626098633,0.9705129861831665,0.1281498521566391,-0.007799999999999975,0.016,0.0,0.008,0.0
59,5000,0.21999999999999997,0.18861999999999998,0.09024821428571429,0.020217955112457275,0.970450222492218,0.1284758597612381,-0.009199999999999974,0.0164,0.0,0.0064,0.0
60,5000,0.23440000000000005,0.21925,0.10256071428571431,0.02367222309112549,0.9705767631530762,0.12801943719387054,-0.011999999999999974,0.0112,0.0,0.004,0.0
61,5000,0.23615000000000003,0.22065,0.09741875,0.022759199142456055,0.9700285196304321,0.12943102419376373,-0.010399999999999975,0.0146,0.0,0.0092,0.0
62,5000,0.25960000000000005,0.20900000000000002,0.09166250000000001,0.02031916379928589,0.9720507860183716,0.12487087398767471,-0.014599999999999974,0.0096,0.0,0.007,0.0
63,5000,0.23640000000000005,0.19806000000000004,0.09870535714285714,0.019096016883850098,0.9726094007492065,0.12398142367601395,-0.016599999999999976,0.0074,0.0,0.0088,0.0
64,5000,0.20779999999999998,0.18597000000000002,0.08948214285714286,0.018033623695373535,0.9702673554420471,0.129389688372612,-0.012399999999999975,0.0108,0.0,0.0088,0.0
65,5000,0.22340000000000004,0.1865,0.08798125,0.017706632614135742,0.970586895942688,0.1290888488292694,-0.009999999999999974,0.0154,0.0,0.01,0.0
66,5000,0.267,0.22633999999999999,0.10059732142857143,0.026975631713867188,0.9700419902801514,0.12975730001926422,-0.002599999999999974,0.0214,0.0,0.0054,0.0
67,5000,0.23940000000000006,0.21389,0.09811428571428571,0.022252798080444336,0.9713804721832275,0.12671130895614624,-0.011799999999999975,0.0108,0.0,0.0072,0.0
68,5000,0.2682,0.24386999999999998,0.10693214285714288,0.028875529766082764,0.9717295169830322,0.12494414299726486,-0.012999999999999975,0.0108,0.0,0.0054,0.0
69,5000,0.2348,0.21682,0.09789464285714286,0.021755874156951904,0.9715331792831421,0.12606877088546753,-0.013199999999999974,0.0098,0.0,0.0064,0.0
70,5000,0.27099999999999996,0.26131000000000004,0.12050625000000001,0.03650474548339844,0.972381055355072,0.12432393431663513,-0.014999999999999975,0.0078,0.0,0.0088,0.0
71,5000,0.2398,0.18557,0.08581874999999999,0.018335938453674316,0.9708245992660522,0.12788908183574677,-0.008599999999999974,0.0196,0.0,0.0132,0.0
72,5000,0.14754999999999996,0.13072999999999996,0.07385357142857142,0.013933300971984863,0.9663810729980469,0.14145997166633606,0.008000000000000024,0.0464,1.0,0.0142,0.0
73,5000,0.19999999999999996,0.15293,0.07751785714285712,0.01373136043548584,0.9679263830184937,0.13616061210632324,0.005400000000000026,0.0354,0.0,0.0078,0.0
74,5000,0.21599999999999997,0.18558999999999998,0.08753839285714285,0.021464526653289795,0.9688233137130737,0.1342702955007553,-0.004999999999999973,0.027,0.0,0.0072,0.0
75,5000,0.21540000000000004,0.17638,0.08976428571428571,0.01422274112701416,0.9697967767715454,0.13167855143547058,-0.0067999999999999745,0.023,0.0,0.0098,0.0
76,5000,0.2612,0.22045999999999996,0.09835982142857143,0.02393120527267456,0.971847653388977,0.1253139227628708,-0.013199999999999974,0.0124,1.0,0.0092,0.0
77,5000,0.24639999999999995,0.21056,0.09649017857142858,0.023547828197479248,0.9714361429214478,0.12585020065307617,-0.011799999999999975,0.011,0.0,0.0074,0.0
78,5000,0.23115,0.21946,0.10267857142857142,0.024669766426086426,0.9679915904998779,0.13410840928554535,0.0008000000000000264,0.0256,1.0,0.042,0.0
79,5000,0.21020000000000005,0.18197000000000002,0.08648303571428573,0.018131613731384277,0.9656378626823425,0.13744260370731354,0.005800000000000024,0.0322,1.0,0.0236,0.0
80,5000,0.19240000000000002,0.14508,0.06838660714285713,0.011884689331054688,0.9678119421005249,0.13602760434150696,0.0006000000000000241,0.028,1.0,0.024,0.0
81,5000,0.29515,0.25615,0.11148749999999999,0.02845996618270874,0.9711737036705017,0.12704189121723175,-0.008599999999999974,0.015,0.0,0.0132,0.0002
82,5000,0.22135,0.21754999999999997,0.10020178571428572,0.02337324619293213,0.9694802761077881,0.13084346055984497,0.0034000000000000245,0.0262,1.0,0.0136,0.0
83,5000,0.254,0.20924,0.09598214285714286,0.01892906427383423,0.9710578322410583,0.1277284324169159,-0.009199999999999974,0.0176,0.0,0.0126,0.0
84,5000,0.26839999999999997,0.23584999999999998,0.10703392857142857,0.026918113231658936,0.9705949425697327,0.12834180891513824,-0.007599999999999975,0.0196,0.0,0.008,0.0
85,5000,0.2714,0.24331999999999998,0.11049107142857141,0.030904114246368408,0.9705671668052673,0.12824057042598724,-0.010599999999999974,0.0132,0.0,0.0088,0.0
86,5000,0.2368,0.20727,0.09314732142857142,0.02291029691696167,0.970859169960022,0.1283925473690033,-0.008799999999999975,0.0144,0.0,0.0066,0.0
87,5000,0.22340000000000004,0.19776000000000005,0.10679285714285715,0.03736984729766846,0.9463890790939331,0.18321064114570618,0.08440000000000003,0.1218,1.0,0.0284,0.2636
88,5000,0.15344999999999998,0.15014,0.09192589285714285,0.02130711078643799,0.9559720754623413,0.16167481243610382,0.04940000000000003,0.0744,1.0,0.0054,0.1516
89,5000,0.2092,0.19492,0.11143125,0.029860258102416992,0.9549933671951294,0.16405917704105377,0.053200000000000025,0.0756,1.0,0.0036,0.1804
90,5000,0.16604999999999998,0.15169,0.09361339285714286,0.024801969528198242,0.9553966522216797,0.16427180171012878,0.045000000000000026,0.0696,1.0,0.0134,0.1714
91,5000,0.18035,0.15804000000000004,0.08346875,0.01755499839782715,0.9622230529785156,0.1472327709197998,0.027600000000000027,0.0548,1.0,0.0332,0.109
92,5000,0.24529999999999996,0.23984000000000005,0.11862410714285714,0.04767829179763794,0.91839200258255,0.20701664686203003,0.13300000000000003,0.161,1.0,0.0164,0.1978
93,5000,0.19699999999999995,0.16377999999999998,0.08390892857142858,0.01749265193939209,0.9706960916519165,0.12893109023571014,-0.008399999999999975,0.0192,0.0,0.02,0.02
94,5000,0.37875000000000003,0.37602,0.1738875,0.10475349426269531,0.8618049025535583,0.2958625555038452,0.2872,0.3218,1.0,0.0246,0.389
95,5000,0.19885,0.15260999999999997,0.07324196428571428,0.008818328380584717,0.9702107310295105,0.12459944933652878,0.011200000000000022,0.1434,1.0,0.0128,0.1468
96,5000,0.6218,0.60264,0.3495866071428571,0.2237318754196167,0.9808894395828247,0.07851716876029968,0.05040000000000003,0.781,1.0,0.002,0.796
97,5000,0.6148,0.5822200000000001,0.32925803571428575,0.21265631914138794,0.9763056635856628,0.09288685023784637,0.07880000000000002,0.7768,0.0,0.0024,0.8178
98,5000,0.63,0.5887399999999999,0.3309357142857143,0.2176864743232727,0.978226363658905,0.08654159307479858,0.08140000000000003,0.7828,0.0,0.0018,0.8066
99,5000,0.6062,0.58686,0.3385464285714286,0.21133291721343994,0.9799983501434326,0.08163010329008102,0.060000000000000026,0.7704,0.0,0.002,0.7888
100,5000,0.5189,0.50514,0.295375,0.157110333442688,0.9789561629295349,0.08721096813678741,0.04860000000000003,0.6794,0.0,0.0012,0.7
101,5000,0.4262,0.40693999999999997,0.23150625,0.09410208463668823,0.9770218729972839,0.09526757895946503,0.05060000000000002,0.5844,0.0,0.004,0.5984
102,5000,0.5469999999999999,0.53659,0.31025089285714286,0.18961292505264282,0.9792504906654358,0.08517137169837952,0.05180000000000003,0.7128,0.0,0.0032,0.7312
103,5000,0.6048,0.55662,0.3184660714285714,0.18863904476165771,0.9787193536758423,0.08655866980552673,0.05740000000000002,0.7386,0.0,0.0044,0.7554
104,5000,0.5896,0.55384,0.31730625,0.18654543161392212,0.9782335758209229,0.087527796626091,0.06380000000000002,0.7354,0.0,0.0032,0.7606
105,5000,0.6104,0.57085,0.3253401785714286,0.1893078088760376,0.9798077940940857,0.08342864364385605,0.04620000000000002,0.7458,0.0,0.0028,0.7638
106,5000,0.485,0.46898999999999996,0.27123928571428574,0.13926124572753906,0.9769502878189087,0.09376753121614456,0.05140000000000003,0.6382,0.0,0.003,0.6722
107,5000,0.5964,0.51988,0.27605982142857144,0.15859591960906982,0.9686539173126221,0.11003823578357697,0.08340000000000003,0.6916,1.0,0.0074,0.773
108,5000,0.6062,0.4966799999999999,0.22553482142857145,0.13079833984375,0.9664637446403503,0.12894685566425323,0.05640000000000002,0.5498,1.0,0.0032,0.7764
109,5000,0.5652,0.46610000000000007,0.22608035714285712,0.11262309551239014,0.9696115255355835,0.11932458728551865,0.04320000000000003,0.5522,0.0,0.003,0.7264
110,5000,0.5676,0.45919999999999994,0.22028839285714286,0.11689496040344238,0.9700884819030762,0.1182197853922844,0.05060000000000002,0.5446,1.0,0.0016,0.7136
111,5000,0.30355,0.26849,0.17062589285714289,0.05030930042266846,0.9624826908111572,0.12172883003950119,0.04240000000000002,0.4276,1.0,0.0058,0.4528
112,5000,0.23715,0.20669999999999997,0.09266696428571428,0.013556838035583496,0.9560034871101379,0.15465225279331207,0.04440000000000002,0.0946,1.0,0.0216,0.0836
113,5000,0.4618,0.45119,0.2802267857142857,0.17044299840927124,0.9227388501167297,0.20813600718975067,0.17400000000000002,0.4818,1.0,0.032,0.4772
114,5000,0.4485,0.4365,0.2726660714285714,0.15513241291046143,0.9401261806488037,0.17792972922325134,0.11140000000000003,0.4994,1.0,0.0188,0.4958
115,5000,0.3891,0.37538000000000005,0.2286375,0.10589706897735596,0.909275472164154,0.238052636384964,0.21060000000000004,0.41,1.0,0.0412,0.2546
116,5000,0.21799999999999997,0.16794,0.07781339285714285,0.015312731266021729,0.970018744468689,0.12993253767490387,-0.009399999999999974,0.0164,0.0,0.0072,0.0
117,5000,0.2308,0.18738000000000002,0.08858928571428572,0.01862424612045288,0.9702011942863464,0.12995272874832153,-0.005799999999999975,0.0188,0.0,0.0148,0.0
118,5000,0.23199999999999998,0.20324,0.09536428571428572,0.019385337829589844,0.9724220633506775,0.12445391714572906,-0.016199999999999975,0.0068,0.0,0.0122,0.0
119,5000,0.25780000000000003,0.23171999999999998,0.1034517857142857,0.02931755781173706,0.9724560379981995,0.1239367425441742,-0.016599999999999976,0.0074,0.0,0.0092,0.0
120,5000,0.21915,0.18534,0.08057053571428571,0.015146434307098389,0.9678617119789124,0.13628649711608887,0.006200000000000025,0.0316,1.0,0.018,0.0
121,5000,0.24634999999999999,0.21915999999999997,0.09635535714285715,0.024689018726348877,0.9708849787712097,0.1289023607969284,-0.012199999999999975,0.0124,0.0,0.0086,0.0
122,5000,0.24275,0.22551000000000002,0.11015535714285714,0.03204625844955444,0.9695007801055908,0.13163046538829803,-0.009199999999999974,0.0152,0.0,0.009,0.0
123,5000,0.24839999999999995,0.21142000000000002,0.09600535714285714,0.026176095008850098,0.9709876775741577,0.12913982570171356,-0.013799999999999975,0.0104,0.0,0.0084,0.0
124,5000,0.243,0.20495999999999998,0.09231517857142857,0.02238255739212036,0.9714490175247192,0.1270774006843567,-0.013999999999999974,0.009,0.0,0.006,0.0
125,5000,0.23540000000000005,0.17758000000000002,0.08904196428571429,0.015813052654266357,0.9710361361503601,0.12789155542850494,-0.010799999999999975,0.014,0.0,0.0096,0.0
126,5000,0.23140000000000005,0.18309999999999998,0.0867,0.02001941204071045,0.9689726829528809,0.1313137710094452,-0.0037999999999999735,0.0216,1.0,0.0104,0.0
127,5000,0.20779999999999998,0.18452,0.08961964285714286,0.017339766025543213,0.9712668061256409,0.12742972373962402,-0.013199999999999974,0.0112,0.0,0.011,0.0
128,5000,0.21935,0.19732,0.08785,0.020815551280975342,0.9701691269874573,0.12989245355129242,-0.006399999999999975,0.0184,0.0,0.0084,0.0
129,5000,0.21919999999999995,0.19571999999999998,0.09125982142857143,0.023042500019073486,0.9728267788887024,0.12352043390274048,-0.016799999999999975,0.0064,0.0,0.009,0.0
130,5000,0.24560000000000004,0.23021000000000003,0.10565803571428571,0.032440125942230225,0.9721804857254028,0.12443266808986664,-0.014199999999999975,0.0092,0.0,0.012,0.0
131,5000,0.22719999999999996,0.21783999999999998,0.10225714285714284,0.023591339588165283,0.9709261655807495,0.1270456612110138,-0.008799999999999975,0.0166,0.0,0.0132,0.0
132,5000,0.2288,0.19902999999999998,0.09265089285714286,0.01909726858139038,0.9715127944946289,0.12630444765090942,-0.013799999999999975,0.0106,0.0,0.0066,0.0
133,5000,0.16754999999999998,0.16199000000000002,0.07763125,0.014648020267486572,0.9715213179588318,0.1272447556257248,-0.014399999999999975,0.0096,0.0,0.0072,0.0
134,5000,0.18255,0.17157,0.08783660714285714,0.01698911190032959,0.9715868234634399,0.12734557688236237,-0.015399999999999974,0.0104,0.0,0.0098,0.0
135,5000,0.18359999999999999,0.1559,0.07367321428571429,0.012596428394317627,0.9651461839675903,0.1416652798652649,0.027200000000000023,0.0512,1.0,0.0102,0.0006
136,5000,0.32735,0.31716999999999995,0.15139553571428574,0.04232054948806763,0.9710091948509216,0.12696880102157593,-0.008999999999999975,0.014,0.0,0.0222,0.0
137,5000,0.24140000000000006,0.20976000000000003,0.1003125,0.0230557918548584,0.9707436561584473,0.12823139131069183,0.002600000000000026,0.0256,0.0,0.0254,0.0
138,5000,0.257,0.20597,0.1043357142857143,0.026124536991119385,0.9719783067703247,0.12574021518230438,-0.013599999999999975,0.0094,0.0,0.012,0.0
139,5000,0.25860000000000005,0.16709,0.08980624999999999,0.019289374351501465,0.9711009860038757,0.12823092937469482,-0.009999999999999974,0.0142,0.0,0.0102,0.0
140,5000,0.2096,0.15699999999999997,0.08394821428571429,0.018352985382080078,0.9704906940460205,0.12990985810756683,-0.008199999999999975,0.0174,0.0,0.0264,0.0
141,5000,0.24160000000000004,0.14944,0.07683660714285713,0.013593912124633789,0.9701051712036133,0.1292753368616104,-0.007199999999999974,0.0222,0.0,0.014,0.0
142,5000,0.21785,0.20202,0.10385714285714286,0.021524429321289062,0.9732539057731628,0.12069052457809448,-0.015799999999999974,0.0078,0.0,0.009,0.0
143,5000,0.26954999999999996,0.22157999999999997,0.11402857142857144,0.03373509645462036,0.9730316400527954,0.12182076275348663,-0.014799999999999975,0.0084,1.0,0.0094,0.0002
144,5000,0.20155,0.19134,0.12039017857142856,0.02572023868560791,0.9718724489212036,0.12464480102062225,-0.012399999999999975,0.0138,0.0,0.0044,0.0
145,5000,0.20074999999999998,0.18309999999999998,0.11439642857142858,0.022635579109191895,0.9729907512664795,0.12202911078929901,-0.014399999999999975,0.0086,0.0,0.0062,0.0
146,5000,0.2076,0.18924999999999997,0.10593571428571427,0.025605976581573486,0.97235506772995,0.1240362823009491,-0.013999999999999974,0.0118,0.0,0.0136,0.0
147,5000,0.23540000000000005,0.17795,0.08667857142857142,0.016614437103271484,0.9717540740966797,0.12471888214349747,-0.012599999999999974,0.0106,0.0,0.006,0.0
148,5000,0.24080000000000001,0.209,0.09497053571428571,0.0272333025932312,0.9721696972846985,0.12511880695819855,-0.013199999999999974,0.0116,0.0,0.0086,0.0
149,5000,0.21720000000000006,0.19788,0.09234553571428572,0.02390289306640625,0.9693150520324707,0.13107642531394958,-0.006999999999999975,0.0174,1.0,0.01,0.0
150,5000,0.20620000000000005,0.19415000000000002,0.09198392857142856,0.024684429168701172,0.970899224281311,0.12859292328357697,-0.012599999999999974,0.0114,0.0,0.0228,0.0
151,5000,0.2348,0.20057,0.09191785714285713,0.021378755569458008,0.9715182781219482,0.1265130192041397,-0.014199999999999975,0.0088,0.0,0.0078,0.0
152,5000,0.19655,0.19382,0.09575535714285717,0.021943271160125732,0.9707955121994019,0.12876001000404358,-0.010999999999999975,0.0138,0.0,0.0042,0.0
153,5000,0.19015000000000004,0.18664000000000003,0.08560803571428573,0.01753753423690796,0.9708531498908997,0.1293121725320816,-0.013399999999999974,0.0144,0.0,0.0056,0.0
154,5000,0.23399999999999999,0.17798999999999998,0.0876580357142857,0.018985390663146973,0.9718331098556519,0.12627194821834564,-0.014399999999999975,0.0088,0.0,0.01,0.0
155,5000,0.22660000000000002,0.1819,0.08549642857142856,0.0188789963722229,0.9716105461120605,0.12693561613559723,-0.014799999999999975,0.0128,0.0,0.0062,0.0
156,5000,0.242,0.23678999999999997,0.10732767857142857,0.032418668270111084,0.9721462726593018,0.12539927661418915,-0.009599999999999975,0.0152,0.0,0.0164,0.0
157,5000,0.2228,0.17212,0.08207500000000001,0.014789819717407227,0.9695509672164917,0.13182766735553741,-0.004199999999999975,0.02,1.0,0.0114,0.0
158,5000,0.17614999999999997,0.16551000000000002,0.07596875000000002,0.016195178031921387,0.9684862494468689,0.13472656905651093,-0.001999999999999974,0.0236,0.0,0.0308,0.0
159,5000,0.24819999999999998,0.23529,0.10912142857142856,0.027213335037231445,0.9693745970726013,0.13112236559391022,-0.006199999999999975,0.0238,0.0,0.028,0.0
160,5000,0.19479999999999997,0.15967000000000003,0.08192142857142858,0.017586946487426758,0.9701345562934875,0.13089561462402344,-0.007999999999999974,0.0172,0.0,0.0192,0.0
161,5000,0.2148,0.19954999999999998,0.09529732142857142,0.020324528217315674,0.9697328209877014,0.1290493607521057,-0.007399999999999974,0.0178,1.0,0.0066,0.0
162,5000,0.23540000000000005,0.18576,0.09019375,0.01925867795944214,0.9704039096832275,0.1295800358057022,-0.009799999999999975,0.0174,0.0,0.019,0.0
163,5000,0.20879999999999999,0.16802,0.08580982142857144,0.014623880386352539,0.970652163028717,0.12887558341026306,-0.011599999999999975,0.0146,0.0,0.011,0.0
164,5000,0.23719999999999997,0.17794000000000004,0.08731964285714287,0.020101606845855713,0.9713977575302124,0.12733902037143707,-0.014399999999999975,0.0088,0.0,0.0074,0.0
165,5000,0.26160000000000005,0.2371,0.10500535714285715,0.02842658758163452,0.9725747108459473,0.12409907579421997,-0.017999999999999974,0.0058,0.0,0.0062,0.0
166,5000,0.26460000000000006,0.24392000000000005,0.11388660714285714,0.026575028896331787,0.972872257232666,0.122978076338768,-0.015999999999999973,0.0064,0.0,0.0084,0.0
167,5000,0.18579999999999997,0.15817000000000003,0.07740625,0.010740697383880615,0.97003173828125,0.12968960404396057,-0.005799999999999975,0.0186,1.0,0.012,0.0034
168,5000,0.22285,0.21672000000000002,0.10428214285714286,0.02661120891571045,0.9661514759063721,0.13650617003440857,0.008000000000000024,0.034,1.0,0.0104,0.005
169,5000,0.1784,0.15884,0.07430624999999999,0.012608647346496582,0.968224048614502,0.13234597444534302,-0.003999999999999976,0.022,1.0,0.014,0.0024
170,5000,0.23460000000000003,0.20638,0.09881160714285715,0.023288428783416748,0.9712657928466797,0.12659919261932373,-0.012799999999999975,0.0114,0.0,0.0102,0.0014
171,5000,0.2156,0.1972,0.09381339285714287,0.024169564247131348,0.9694140553474426,0.1303538829088211,-0.0067999999999999745,0.017,0.0,0.0082,0.0054
172,5000,0.23159999999999997,0.22321999999999997,0.1059830357142857,0.02841395139694214,0.9679640531539917,0.1314781755208969,0.0006000000000000241,0.0234,0.0,0.0136,0.0112
173,5000,0.26639999999999997,0.23403999999999997,0.1078642857142857,0.0295332670211792,0.9681494235992432,0.1303817331790924,-0.0003999999999999733,0.0218,1.0,0.006,0.0138
174,5000,0.3006,0.29196999999999995,0.13778392857142857,0.051033973693847656,0.9665791988372803,0.13265582919120789,0.002200000000000025,0.0264,0.0,0.0104,0.0172
175,5000,0.2692,0.24486999999999998,0.11679107142857144,0.029937446117401123,0.960740327835083,0.1426955610513687,0.020800000000000027,0.0436,1.0,0.0062,0.0356
176,5000,0.2744,0.23182999999999998,0.10421964285714284,0.026668906211853027,0.9590660333633423,0.14573156833648682,0.02280000000000003,0.046,1.0,0.0078,0.0404
177,5000,0.2582,0.22283999999999998,0.09789017857142857,0.02586543560028076,0.9690863490104675,0.13087056577205658,-0.0031999999999999737,0.022,0.0,0.0118,0.0066
178,5000,0.22319999999999995,0.18234,0.08297857142857143,0.020997464656829834,0.9693735241889954,0.13089437782764435,-0.006599999999999974,0.0186,0.0,0.0082,0.0
179,5000,0.257,0.21025,0.09888571428571427,0.02345198392868042,0.970603346824646,0.12884902954101562,-0.006199999999999975,0.0186,0.0,0.018,0.0
180,5000,0.23560000000000003,0.21962,0.10300892857142856,0.02540409564971924,0.9701561331748962,0.129220113158226,-0.007799999999999975,0.0156,0.0,0.0194,0.0
181,5000,0.27759999999999996,0.24676,0.10954285714285714,0.02743428945541382,0.9727441668510437,0.12345141917467117,-0.014399999999999975,0.0094,0.0,0.01,0.0
182,5000,0.23919999999999997,0.21563999999999997,0.09443214285714285,0.021280348300933838,0.9714057445526123,0.12757490575313568,-0.010199999999999975,0.014,1.0,0.0158,0.0
183,5000,0.2248,0.19878,0.09033482142857142,0.018776297569274902,0.9711838960647583,0.12765814363956451,-0.011599999999999975,0.0128,0.0,0.0082,0.0
184,5000,0.20420000000000005,0.17418999999999998,0.0761267857142857,0.017581045627593994,0.9683868885040283,0.1339442878961563,-0.0013999999999999742,0.0238,0.0,0.0122,0.0
185,5000,0.26954999999999996,0.23684,0.10197232142857142,0.025623023509979248,0.9708636999130249,0.1286037117242813,-0.012399999999999975,0.0108,1.0,0.0054,0.0
186,5000,0.242,0.20223999999999998,0.09169464285714286,0.022623777389526367,0.9715082049369812,0.12705470621585846,-0.014399999999999975,0.0104,0.0,0.0132,0.0
187,5000,0.248,0.19874999999999998,0.09291607142857143,0.023398280143737793,0.9695934653282166,0.1335952877998352,-0.012599999999999974,0.012,0.0,0.0104,0.0
188,5000,0.2804,0.23232999999999998,0.10358928571428572,0.02963191270828247,0.9726287126541138,0.12416797876358032,-0.017199999999999976,0.006,0.0,0.0074,0.0008
189,5000,0.22999999999999998,0.17479,0.08163214285714286,0.019332408905029297,0.9685139656066895,0.1336008608341217,-0.004799999999999974,0.0226,1.0,0.0074,0.0
190,5000,0.26260000000000006,0.19068000000000002,0.10892678571428571,0.02275460958480835,0.9718130826950073,0.12568821012973785,-0.011999999999999974,0.012,0.0,0.0158,0.0
191,5000,0.2762,0.19212999999999997,0.10139017857142855,0.02413618564605713,0.9720856547355652,0.12612256407737732,-0.018399999999999975,0.004,0.0,0.0194,0.0
192,5000,0.26560000000000006,0.25344,0.11095535714285716,0.029667973518371582,0.9705514907836914,0.12783122062683105,-0.004799999999999974,0.018,0.0,0.0146,0.0
193,5000,0.2368,0.18952,0.08388303571428571,0.01817166805267334,0.9690446257591248,0.13071580231189728,-0.0021999999999999763,0.0306,0.0,0.0116,0.0182
194,5000,0.20899999999999996,0.19545999999999997,0.09068482142857144,0.022242069244384766,0.9658933877944946,0.1364777386188507,0.007200000000000026,0.0416,1.0,0.0068,0.0264
195,5000,0.25560000000000005,0.22483,0.1002098214285714,0.02539670467376709,0.9717814326286316,0.12635618448257446,-0.012399999999999975,0.0114,1.0,0.0066,0.0
196,5000,0.24239999999999995,0.19526999999999997,0.08649285714285714,0.02273803949356079,0.969193160533905,0.13075827062129974,2.42861286636753e-17,0.0378,0.0,0.0078,0.0226
197,5000,0.25060000000000004,0.21223,0.09834464285714285,0.025525927543640137,0.9696254134178162,0.12949219346046448,-0.002599999999999974,0.0206,1.0,0.0078,0.0
198,5000,0.26539999999999997,0.21460999999999997,0.09457053571428571,0.023799240589141846,0.9715059399604797,0.12676842510700226,-0.009199999999999974,0.0142,0.0,0.0074,0.0
199,5000,0.25260000000000005,0.20831999999999998,0.09416607142857145,0.02264302968978882,0.971946120262146,0.1256333440542221,-0.014599999999999974,0.0098,0.0,0.0044,0.0
200,5000,0.23940000000000006,0.21824,0.09754464285714284,0.0252799391746521,0.9704847931861877,0.12854094803333282,-0.010399999999999975,0.0134,0.0,0.0166,0.0
201,5000,0.7429,0.73444,0.38535803571428573,0.3044270873069763,0.9846234321594238,0.07379774004220963,-0.013599999999999975,0.8334,1.0,0.007,0.831
202,5000,0.9013,0.89108,0.47188928571428573,0.44879454374313354,0.9878979325294495,0.06177963688969612,-0.015999999999999973,0.9954,0.0,0.0,0.9954
203,5000,0.9007000000000001,0.8904799999999999,0.47112946428571434,0.4480742812156677,0.9876999855041504,0.062297523021698,-0.015599999999999975,0.9928,0.0,0.0,0.9928
204,5000,0.8993,0.88924,0.47098214285714285,0.4468887448310852,0.9877585768699646,0.06227501109242439,-0.015599999999999975,0.9922,0.0,0.0,0.9922
205,5000,0.8949,0.885,0.4682928571428572,0.4438422918319702,0.9875965714454651,0.06265752017498016,-0.015399999999999974,0.9878,0.0,0.0,0.9878
206,5000,0.8939,0.8846400000000001,0.46926428571428563,0.4443668723106384,0.9875847697257996,0.06253783404827118,-0.014399999999999975,0.9904,0.0,0.0,0.9902
207,5000,0.9009,0.8908400000000001,0.4719464285714286,0.44922661781311035,0.9878673553466797,0.06187423691153526,-0.015599999999999975,0.9944,0.0,0.0,0.9944
208,5000,0.8967,0.8864799999999999,0.46921875,0.44644349813461304,0.987816572189331,0.0621824711561203,-0.015599999999999975,0.9906,0.0,0.0002,0.99
209,5000,0.9017000000000001,0.89132,0.4719366071428571,0.4505345821380615,0.9879305958747864,0.061780091375112534,-0.015999999999999973,0.9954,0.0,0.0,0.9954
210,5000,0.8993,0.8894,0.47099375,0.4456526041030884,0.9876899123191833,0.062411364167928696,-0.015199999999999974,0.9928,0.0,0.0,0.9928
211,5000,0.8825000000000001,0.8726,0.4617464285714286,0.43679744005203247,0.987587571144104,0.06297510862350464,-0.015599999999999975,0.9768,0.0,0.0002,0.9764
212,5000,0.6693,0.6510900000000001,0.3676258928571428,0.30018138885498047,0.9843899607658386,0.07476212829351425,-0.015199999999999974,0.836,1.0,0.0008,0.8344
213,5000,0.7703,0.74261,0.41925535714285717,0.36518752574920654,0.9853265881538391,0.07160521298646927,-0.016999999999999973,0.937,0.0,0.0,0.9368
214,5000,0.8205,0.7925799999999998,0.44678214285714285,0.4123152494430542,0.9853481650352478,0.07001220434904099,-0.014399999999999975,0.9902,0.0,0.0,0.99
215,5000,0.7849,0.75834,0.42642142857142856,0.37761759757995605,0.9853041172027588,0.07135707885026932,-0.016199999999999975,0.9496,0.0,0.0002,0.9488
216,5000,0.8071,0.7779900000000001,0.4394821428571428,0.3981226682662964,0.9853630661964417,0.07023002952337265,-0.014799999999999975,0.9762,0.0,0.0,0.976
217,5000,0.8239000000000001,0.7960200000000001,0.4484821428571429,0.4136587381362915,0.9856060743331909,0.0695127472281456,-0.014999999999999975,0.9928,0.0,0.0,0.9926
218,5000,0.8245,0.79614,0.4487991071428571,0.41635990142822266,0.9858254194259644,0.06900104880332947,-0.015999999999999973,0.9926,0.0,0.0,0.9926
219,5000,0.8261000000000001,0.79689,0.44888482142857145,0.4136577844619751,0.9858141541481018,0.06897050887346268,-0.015599999999999975,0.9944,0.0,0.0,0.9944
220,5000,0.8235,0.79413,0.4477232142857143,0.4111452102661133,0.9857228398323059,0.06918296217918396,-0.015399999999999974,0.9922,0.0,0.0,0.9922
221,5000,0.7903,0.7629400000000001,0.43108482142857146,0.38081228733062744,0.9852481484413147,0.07101766020059586,-0.015399999999999974,0.9588,0.0,0.0002,0.9588
222,5000,0.8059000000000001,0.77794,0.43960625000000003,0.39807093143463135,0.9854783415794373,0.07014689594507217,-0.015599999999999975,0.9738,0.0,0.0002,0.9738
223,5000,0.8235,0.79477,0.44851250000000004,0.41481339931488037,0.9857054948806763,0.06922721862792969,-0.015399999999999974,0.9922,0.0,0.0,0.9922
224,5000,0.8193,0.79078,0.4461491071428571,0.41053640842437744,0.9852985143661499,0.07006960362195969,-0.014399999999999975,0.9886,0.0,0.0,0.9886
225,5000,0.7853,0.75742,0.42708214285714285,0.37875568866729736,0.9854265451431274,0.0710432380437851,-0.016399999999999974,0.9524,0.0,0.0,0.9524
226,5000,0.7345,0.7063399999999999,0.3998098214285714,0.3315277099609375,0.9846066236495972,0.0739675834774971,-0.015799999999999974,0.9008,0.0,0.0002,0.9006
227,5000,0.7857000000000001,0.75693,0.4261660714285714,0.3769388198852539,0.9852402210235596,0.07128723710775375,-0.015599999999999975,0.9536,0.0,0.0002,0.9536
228,5000,0.6795,0.65321,0.36951607142857146,0.27823102474212646,0.9837839007377625,0.07753600180149078,-0.015599999999999975,0.8432,1.0,0.0002,0.8414
229,5000,0.20555,0.17874000000000004,0.0822142857142857,0.016494572162628174,0.9698916077613831,0.13118354976177216,-0.008399999999999975,0.0172,0.0,0.0114,0.0004
230,5000,0.5001,0.49106999999999995,0.2516892857142857,0.1387263536453247,0.9804714918136597,0.09032191336154938,-0.013199999999999974,0.5858,1.0,0.0022,0.5806
231,5000,0.7675000000000001,0.7584800000000002,0.3990991071428572,0.3307034969329834,0.9857496023178101,0.07026661187410355,-0.015599999999999975,0.866,0.0,0.0024,0.868
232,5000,0.5991,0.58969,0.311025,0.18912625312805176,0.9833990335464478,0.08041737228631973,-0.016599999999999976,0.6966,1.0,0.002,0.6966
233,5000,0.24060000000000004,0.18374,0.07516607142857143,0.017544209957122803,0.9665429592132568,0.13734647631645203,0.016200000000000027,0.0398,1.0,0.0074,0.0
234,5000,0.1407,0.13559,0.07269732142857142,0.011812746524810791,0.9742991924285889,0.11554110050201416,-0.013799999999999975,0.202,1.0,0.0032,0.1924
235,5000,0.6245,0.61412,0.32408125,0.21896213293075562,0.9837037324905396,0.07891938835382462,-0.017199999999999976,0.722,0.0,0.0022,0.7232
236,5000,0.7513,0.74219,0.38804374999999997,0.2980181574821472,0.984727144241333,0.07415040582418442,-0.015999999999999973,0.8326,0.0,0.0016,0.833
237,5000,0.2118,0.17467000000000002,0.09093482142857143,0.01743978261947632,0.9711053967475891,0.12784479558467865,-0.011599999999999975,0.0112,1.0,0.011,0.0
238,5000,0.6398999999999999,0.62676,0.3198223214285714,0.4989495277404785,0.9552741050720215,0.1571134328842163,0.08880000000000003,0.1154,1.0,0.015,0.0
239,5000,0.6743,0.6583600000000001,0.3219714285714286,0.5360684990882874,0.9543255567550659,0.15726467967033386,0.09140000000000002,0.1178,0.0,0.0166,0.0
240,5000,0.21365,0.2003,0.09464732142857143,0.03341209888458252,0.9669873118400574,0.1346125304698944,0.013400000000000023,0.0376,1.0,0.0126,0.0
241,5000,0.2248,0.22060999999999997,0.09991249999999999,0.025987565517425537,0.9705001711845398,0.12884946167469025,-0.005799999999999975,0.0172,0.0,0.0212,0.0
242,5000,0.1946,0.17746,0.10233035714285713,0.019538044929504395,0.9765419960021973,0.10470771789550781,-0.013999999999999974,0.2296,1.0,0.0064,0.221
243,5000,0.70815,0.7013900000000001,0.45026874999999994,0.4158537983894348,0.9919095635414124,0.042823147028684616,-0.020999999999999974,0.807,1.0,0.0012,0.8064
244,5000,0.7557499999999999,0.7433799999999999,0.48420803571428567,0.4861264228820801,0.9922890663146973,0.04035710543394089,-0.020199999999999975,0.846,1.0,0.0016,0.8444
245,5000,0.6125499999999999,0.60759,0.39224375,0.33247852325439453,0.9895669221878052,0.052745379507541656,-0.019799999999999974,0.7142,0.0,0.0004,0.7126
246,5000,0.7051499999999999,0.69939,0.45850446428571423,0.4384925365447998,0.9916279315948486,0.043807268142700195,-0.019799999999999974,0.8078,1.0,0.0008,0.8058
247,5000,0.7697499999999999,0.76244,0.48701607142857145,0.4773489236831665,0.9929970502853394,0.03786739334464073,-0.020599999999999976,0.8686,1.0,0.0002,0.8678
248,5000,0.7999499999999999,0.7936400000000001,0.5122642857142857,0.5292186737060547,0.9933279156684875,0.03601278364658356,-0.019399999999999973,0.9018,0.0,0.0002,0.9004
249,5000,0.8711,0.86312,0.5585348214285714,0.6404048800468445,0.9952634572982788,0.02842780202627182,-0.020799999999999975,0.9716,1.0,0.0006,0.9706
250,5000,0.77455,0.76851,0.48944821428571433,0.49584877490997314,0.9933767318725586,0.036664512008428574,-0.021199999999999976,0.8744,0.0,0.0006,0.8742
251,5000,0.8323499999999999,0.8262599999999999,0.5359151785714286,0.5965129733085632,0.9946312308311462,0.030989574268460274,-0.021199999999999976,0.9322,1.0,0.0008,0.9316
252,5000,0.7610999999999999,0.7544599999999999,0.4816589285714286,0.4934840202331543,0.9929662346839905,0.038346290588378906,-0.020599999999999976,0.8642,1.0,0.0008,0.8632
253,5000,0.83155,0.82567,0.5329750000000001,0.5856761932373047,0.9947770237922668,0.03056538663804531,-0.021399999999999975,0.9316,0.0,0.0,0.9316
254,5000,0.75595,0.75093,0.47805535714285713,0.4614458680152893,0.9930634498596191,0.037944819778203964,-0.021399999999999975,0.8576,1.0,0.0,0.8574
255,5000,0.74175,0.73811,0.48307410714285715,0.47215545177459717,0.9926052689552307,0.04000448063015938,-0.021399999999999975,0.8458,1.0,0.0012,0.8456
256,5000,0.7326999999999999,0.72531,0.4661517857142857,0.45274460315704346,0.9924336075782776,0.040713682770729065,-0.020999999999999974,0.8324,1.0,0.0002,0.832
257,5000,0.8533499999999999,0.8498699999999999,0.5469348214285714,0.6312019228935242,0.9952375292778015,0.028383571654558182,-0.021199999999999976,0.9588,0.0,0.0004,0.9582
258,5000,0.70175,0.69703,0.4458830357142857,0.406718909740448,0.9917410016059875,0.04335552453994751,-0.020199999999999975,0.805,1.0,0.0012,0.8036
259,5000,0.80435,0.7973899999999999,0.5184214285714286,0.5474345088005066,0.9938443303108215,0.03465244919061661,-0.021399999999999975,0.9032,0.0,0.0006,0.9034
260,5000,0.7433,0.73716,0.47967232142857147,0.47310692071914673,0.9921277165412903,0.04113943502306938,-0.019999999999999976,0.8444,1.0,0.0002,0.8428
261,5000,0.51635,0.50853,0.32934285714285716,0.23593008518218994,0.9867088794708252,0.06389672309160233,-0.017799999999999976,0.6162,1.0,0.0052,0.6116
262,5000,0.77335,0.76771,0.5019705357142856,0.5184942483901978,0.9931302666664124,0.03739926591515541,-0.020399999999999974,0.8752,1.0,0.0006,0.8738
263,5000,0.75955,0.75431,0.4814482142857143,0.46851491928100586,0.9929555654525757,0.03825078904628754,-0.021199999999999976,0.8616,1.0,0.0014,0.862
264,5000,0.15330000000000005,0.15144000000000005,0.09559642857142858,0.020698964595794678,0.975674033164978,0.1063472181558609,-0.008599999999999974,0.2394,1.0,0.013,0.2342
265,5000,0.26560000000000006,0.19751999999999997,0.08862232142857143,0.022204697132110596,0.9708640575408936,0.1267954260110855,-0.012599999999999974,0.0106,1.0,0.0116,0.0
266,5000,0.23940000000000006,0.21747999999999998,0.09665982142857142,0.025396645069122314,0.9702466726303101,0.1284879893064499,-0.008399999999999975,0.0162,0.0,0.014,0.0
267,5000,0.24780000000000002,0.18046,0.0892901785714286,0.01745140552520752,0.9696159958839417,0.13041278719902039,-0.007599999999999975,0.0184,1.0,0.015,0.0
