model,source,target,k,n_seeds,mcc_at_thr_within0,mcc_at_thr_cross0,mcc_at_thr_cross_k,mcc_at_thr_within_k,share_mcc_at_thr,pr_auc_within0,pr_auc_cross0,pr_auc_cross_k,pr_auc_within_k,share_pr_auc,oracle_fpr_at_dr_within0,oracle_fpr_at_dr_cross0,oracle_fpr_at_dr_cross_k,oracle_fpr_at_dr_within_k,share_oracle_fpr_at_dr,share_fpr_thr,fpr_thr_collapse_denominator,dr_at_thr_cross0,dr_at_thr_cross_k,track
mlp,lycos17,lycos18,rank,3,0.9007758582179388,-0.011581922767629533,0.11340705632465281,0.9099799307826344,0.1369955753073798,0.9946711658337533,0.3456415068113315,0.6697132528507455,0.9959930895905077,0.4993173139845961,0.0029256229368838003,0.7790295406153834,0.7984140880846003,0.0024251390130898627,-0.024976742196071416,-0.5665249021429326,0.00043275723645453366,0.0006241736238689,0.029871093016743445,cic77
mlp,lycos18,lycos17,rank,3,0.9630660654483086,0.5721143172776609,0.10189012248215534,0.9631805606351082,-1.202767853055503,0.9998895666132023,0.7515572355921311,0.33828233149576264,0.9999007530585989,-1.6642009616593245,0.00018245616114206668,0.29311920472123165,0.8762565765182266,0.0001760368645390155,-1.990659671971395,0.495033346283198,0.0139360862696178,0.4539678023567347,0.03705218484007872,cic77
mlp,nf_cse_cic18_v2,nf_ton_v2,rank,3,0.9682872305618614,0.0853596670200828,0.0,0.9687000219574154,-0.09667799550584959,0.9960129942317432,0.7844953473721795,0.6941028431562261,0.9959953899129647,-0.42735206994794733,0.0,0.8066522557090826,0.9382650345928685,0.0,-0.16315925227047492,1.0,0.0003263271550185,0.019002582296363164,0.0,nf43
mlp,nf_cse_cic18_v2,nf_unsw_v2,rank,3,0.9682872305618614,0.004900342262755834,-0.0005934235977254536,0.9687000219574154,-0.005702554111132579,0.9960129942317432,0.06644635961655763,0.02525833568329734,0.9959953899129647,-0.04430884500314598,0.0,0.9995655636811237,0.999432819250356,0.0,0.00013280212483396907,0.47058823529411764,4.10300967827577e-05,0.0002360717658168,0.0,nf43
mlp,nf_ton_v2,nf_cse_cic18_v2,rank,3,0.922590131419032,0.7561520013037183,0.21796108108055767,0.9253946602295134,-3.2335794679397356,0.9975222043961066,0.7674080038743304,0.5099502599561148,0.9978131025836605,-1.118825971341355,0.021625196836597665,0.8201829672899738,0.5802032002958805,0.018736434974386602,0.30051647591863806,-10.451339123269124,0.002371507798514,0.7212509285706812,0.22549009350227214,nf43
mlp,nf_ton_v2,nf_unsw_v2,rank,3,0.922590131419032,0.36377045840930083,-0.11114472659230014,0.9253946602295134,-0.8498540905758892,0.9975222043961066,0.2985918260321312,0.02985905953267153,0.9978131025836605,-0.38449146698773795,0.021625196836597665,0.9974126903675814,0.9926556126758864,0.018736434974386602,0.0048751164810291025,194.9885154233551,-0.0014303080102046027,0.3343248347497639,0.0660056657223796,nf43
mlp,nf_unsw_v2,nf_cse_cic18_v2,rank,3,0.9134731297048079,-0.4313446693798966,-0.2681773595198578,0.9042660528896053,0.12133042109577366,0.953750492223834,0.1494436153964277,0.13569915457625772,0.9477614952119634,-0.01708857802432958,0.006171409263147666,0.9136583667830608,0.9826975165616944,0.007269567735862718,-0.07607729147679639,0.7050872383152104,0.8411371789626451,0.40033690113730286,0.004488527574625694,nf43
mlp,nf_unsw_v2,nf_ton_v2,rank,3,0.9134731297048079,0.06501240649586273,-0.05262384028509859,0.9042660528896053,-0.13864666161098393,0.953750492223834,0.624852039688082,0.5710578024609995,0.9477614952119634,-0.16355880306622905,0.006171409263147666,0.9326298683521793,0.968298083430246,0.007269567735862718,-0.038499529825804145,0.5890290686722749,0.20023134084198774,0.2613057643765413,0.061727432426854044,nf43
rf,lycos17,lycos18,rank,3,0.9138941453863576,-0.0025779298863144663,0.0,0.9206055837724488,0.0028128842720575764,0.9868050525725433,0.44811290664288883,0.4567771034181287,0.987193292286932,0.016083762944580422,0.0028446623021524,1.0,0.4863538099019131,0.0028422089495848315,0.5151115083874014,-0.010982765224670881,-0.0020457086763905966,0.0,0.0,cic77
rf,lycos18,lycos17,rank,3,0.9630853165354486,0.0,0.0,0.9631015829553572,0.0,0.9998742965227643,0.7166602689252325,0.24279030821710776,0.9998594678884588,-1.6731867581839173,0.0001925788980931,0.39280014621981296,0.9359858981294414,0.00019109752195399437,-1.383533576836328,-0.0,-0.0001938133782091,0.0,0.0,cic77
rf,nf_cse_cic18_v2,nf_ton_v2,rank,3,0.9671453316895682,0.0,0.0,0.9687893219915366,0.0,0.9962967837347692,0.7487757386369355,0.5734223728328298,0.9962683474961788,-0.7084382086977555,0.0,0.9944677691706253,0.7972566617827099,0.0,0.19830819409299424,,0.0,0.0,0.0,nf43
rf,nf_cse_cic18_v2,nf_unsw_v2,rank,3,0.9671453316895682,0.0,0.0,0.9687893219915366,0.0,0.9962967837347692,0.4521718938505756,0.08527672776627944,0.9962683474961788,-0.6742848432505684,0.0,0.9988897738517606,0.5025535201409504,0.0,0.49688791166308255,,0.0,0.0,0.0,nf43
rf,nf_ton_v2,nf_cse_cic18_v2,rank,3,0.9400325833596942,-0.012740515548120633,0.0,0.94017932876146,0.013372035338450857,0.9986145790392446,0.7146328597600272,0.8178315755841928,0.9986219885100353,0.3633991514879811,0.0036618725046375002,0.47870312958913946,0.5118199915151911,0.0037078649224589737,-0.0697136541977462,-0.38583460185277685,-0.002675546502809,0.00017089188124053332,0.0,nf43
rf,nf_ton_v2,nf_unsw_v2,rank,3,0.9400325833596942,0.0,0.0,0.94017932876146,0.0,0.9986145790392446,0.2831006740361031,0.04485305839722379,0.9986219885100353,-0.3329741238751095,0.0036618725046375002,0.9581951584485796,0.6752419568942631,0.0037078649224589737,0.2964309424521564,-0.0,-0.0037078649224589004,0.0,0.0,nf43
rf,nf_unsw_v2,nf_cse_cic18_v2,rank,3,0.925360344795645,0.0008201672339822665,-0.008614292078893243,0.9250667968676431,-0.010204488178931817,0.9613156176740961,0.14934818527949853,0.16181146193814078,0.9608768028559664,0.015349478515272987,0.0048970627277773,0.941824669038062,1.0,0.004928438684140661,-0.062091596586675867,0.06385189519692981,-0.004616820214339696,4.8826251783030084e-05,0.0,nf43
rf,nf_unsw_v2,nf_ton_v2,rank,3,0.925360344795645,-0.0425547521075759,-0.09315689515456255,0.9250667968676431,-0.0522795265916244,0.9613156176740961,0.49951933084982364,0.5475118675061067,0.9608768028559664,0.10392577425497074,0.0048970627277773,0.9204550183203132,0.993162460550551,0.004928438684140661,-0.07941326028146699,186.80674171790108,-7.058997497986705e-05,6.880008072542806e-05,8.867565960166283e-05,nf43
xgb,lycos17,lycos18,rank,3,0.8912900784260787,-0.0014718192395072,-0.04544032607650705,0.8904654746875004,-0.049249981380219854,0.9972323065597976,0.5376179321347743,0.33016628895781563,0.9976080940530215,-0.4513602156949078,0.0029182628791809,0.8491011009587467,0.9906154821583057,0.0028336222155981704,-0.1672385385654118,5.078400798645617,-0.001244543616858598,0.0,0.0,cic77
xgb,lycos18,lycos17,rank,3,0.9630318464277442,0.496815972611433,0.0,0.9633242197392914,-1.0656350427209569,0.9999169076482084,0.8501208246594065,0.21455080761767398,0.9999208019797005,-4.242901445488699,0.0001570258707528,0.20707522346975202,0.949480563927621,0.00015554449461371636,-3.587917104790496,1.1283067703095067,0.0012296043181652002,0.2919126538160609,0.0,cic77
xgb,nf_cse_cic18_v2,nf_ton_v2,rank,3,0.96734485031508,0.0,0.0,0.9674342858019428,0.0,0.9966210403768235,0.7720333085241725,0.819990408363561,0.9965538815518608,0.21353392477756736,0.0,0.8917207077576069,0.8654130447637632,0.0,0.029502133083798246,,0.0,0.0,0.0,nf43
xgb,nf_cse_cic18_v2,nf_unsw_v2,rank,3,0.96734485031508,0.0,0.0,0.9674342858019428,0.0,0.9966210403768235,0.3636670465505935,0.07368728057110871,0.9965538815518608,-0.4581371929206837,0.0,0.9746723626095143,0.9339439577148649,0.0,0.0417867649243754,,0.0,0.0,0.0,nf43
xgb,nf_ton_v2,nf_cse_cic18_v2,rank,3,0.9384179909763044,0.5088277212207534,-0.013409328879904018,0.9386875172868411,-1.2156631256984125,0.9992534114348776,0.7624999004915806,0.39680204386077184,0.9992567380760778,-1.5446354107854992,0.0041984507125539,0.9895636850177856,0.7744444081845773,0.004231302439569248,0.21831425480003475,-1870.2333664366095,1.4016858362100523e-05,0.333082226895592,0.025204808688282745,nf43
xgb,nf_ton_v2,nf_unsw_v2,rank,3,0.9384179909763044,0.3244562949468667,0.06047455131695773,0.9386875172868411,-0.4299645162509483,0.9992534114348776,0.3146790653804938,0.049227621052675676,0.9992567380760778,-0.3877613086990118,0.0041984507125539,0.9806893056259504,0.9757729346173342,0.004231302439569248,0.0050347332838587815,1.5323261422056027,0.0072721408793147025,0.2348441926345609,0.008356940509915015,nf43
xgb,nf_unsw_v2,nf_cse_cic18_v2,rank,3,0.9267541806319644,-0.10459790583029231,-0.022432687801095374,0.9285710124485226,0.07966747642023977,0.9606721725192932,0.1530044653796423,0.2275095248404393,0.9636691497136939,0.09224716898073851,0.0047787995076388,0.899213523480077,0.7667884998205136,0.004547100137571501,0.1480544304803221,1.036943320339021,0.0420109433350436,0.0009625746780083,0.00042897349780805007,nf43
xgb,nf_unsw_v2,nf_ton_v2,rank,3,0.9267541806319644,-0.0771123398336541,0.041573814403455985,0.9285710124485226,0.11822901931430134,0.9606721725192932,0.7125110416664683,0.48566258367002996,0.9636691497136939,-0.9141176026110781,0.0047787995076388,0.6667717921931157,0.9972864473485371,0.004547100137571501,-0.49927213551708105,0.8561887085986837,0.0236127300000228,0.0082422496709062,0.01778711420354733,nf43
