strategy,false_alarms_per_day,switch_detect_rate,mean_exposure_flows,actions_per_day,cost_per_day
monitor:ks,1.0,1.0,5000.0,2.0,4000.0
monitor:ks_effect,0.0,1.0,5000.0,1.0,2000.0
monitor:mmd,13.999999999999998,1.0,5000.0,14.999999999999998,29999.999999999996
monitor:adwin,0.0,1.0,6041.666666666667,1.0,2000.0
monitor:combined,0.0,1.0,5000.0,1.0,2000.0
monitor:recommend,0.0,0.6666666666666666,403541.66666666674,0.6666666666666666,1333.3333333333333
"scheduled:every 50,000 flows",,1.0,25000.0,48.0,96000.0
"scheduled:every 250,000 flows",,1.0,125000.0,9.6,19200.0
"scheduled:every 1,000,000 flows",,1.0,500000.0,2.4,4800.0
