group,scenario,detector,fa,det,delay
cic77,later,adwin,0.0,,
cic77,later,combined,45.0,,
cic77,later,ks,51.25,,
cic77,later,ks_effect,45.0,,
cic77,later,mmd,55.0,,
cic77,later,recommend,45.0,,
cic77,nodrift,adwin,0.0,,
cic77,nodrift,combined,0.0,,
cic77,nodrift,ks,0.0,,
cic77,nodrift,ks_effect,0.0,,
cic77,nodrift,mmd,5.833333333333333,,
cic77,nodrift,recommend,0.0,,
cic77,ramp,adwin,,1.0,40000.0
cic77,ramp,combined,,1.0,30000.0
cic77,ramp,ks,,1.0,10833.333333333334
cic77,ramp,ks_effect,,1.0,30000.0
cic77,ramp,mmd,,1.0,10833.333333333334
cic77,ramp,recommend,,1.0,30000.0
cic77,switch,adwin,,1.0,5000.0
cic77,switch,combined,,1.0,5000.0
cic77,switch,ks,,1.0,5000.0
cic77,switch,ks_effect,,1.0,5000.0
cic77,switch,mmd,,1.0,5000.0
cic77,switch,recommend,,1.0,5000.0
nf43,later,adwin,33.333333333333336,,
nf43,later,combined,3.0555555555555554,,
nf43,later,ks,0.5555555555555556,,
nf43,later,ks_effect,0.0,,
nf43,later,mmd,5.24904214559387,,
nf43,later,recommend,0.2777777777777778,,
nf43,nodrift,adwin,33.333333333333336,,
nf43,nodrift,combined,1.6666666666666667,,
nf43,nodrift,ks,0.2777777777777778,,
nf43,nodrift,ks_effect,0.0,,
nf43,nodrift,mmd,6.166666666666667,,
nf43,nodrift,recommend,0.5555555555555556,,
nf43,ramp,adwin,,1.0,15000.0
nf43,ramp,combined,,1.0,12777.777777777777
nf43,ramp,ks,,1.0,10000.0
nf43,ramp,ks_effect,,1.0,20000.0
nf43,ramp,mmd,,1.0,10555.555555555555
nf43,ramp,recommend,,0.5555555555555556,12000.0
nf43,switch,adwin,,1.0,5000.0
nf43,switch,combined,,1.0,5000.0
nf43,switch,ks,,1.0,5000.0
nf43,switch,ks_effect,,1.0,5000.0
nf43,switch,mmd,,1.0,5000.0
nf43,switch,recommend,,0.5555555555555556,5500.0
