dataset,track,family,len
cic17_orig,cic_orig,Benign,2273097
cic17_orig,cic_orig,DoS,252661
cic17_orig,cic_orig,Recon,158930
cic17_orig,cic_orig,DDoS,128027
cic17_orig,cic_orig,BruteForce,13835
cic17_orig,cic_orig,WebAttack,2180
cic17_orig,cic_orig,Bot/Backdoor,1966
cic17_orig,cic_orig,Other,47
lycos17,cic77,Benign,1395675
lycos17,cic77,DoS,176293
lycos17,cic77,Recon,160106
lycos17,cic77,DDoS,95683
lycos17,cic77,BruteForce,6962
lycos17,cic77,WebAttack,2033
lycos17,cic77,Bot/Backdoor,735
lycos17,cic77,Other,11
lycos17,core,Benign,1395675
lycos17,core,DoS,176293
lycos17,core,Recon,160106
lycos17,core,DDoS,95683
lycos17,core,BruteForce,6962
lycos17,core,WebAttack,2033
lycos17,core,Bot/Backdoor,735
lycos17,core,Other,11
lycos18,cic77,Benign,10000000
lycos18,cic77,DoS,1945651
lycos18,cic77,DDoS,1366089
lycos18,cic77,BruteForce,282948
lycos18,cic77,Bot/Backdoor,96154
lycos18,cic77,WebAttack,426
lycos18,core,Benign,10000000
lycos18,core,DoS,1945651
lycos18,core,DDoS,1366089
lycos18,core,BruteForce,282948
lycos18,core,Bot/Backdoor,96154
lycos18,core,WebAttack,426
nf_cse_cic18_v2,core,Benign,16635567
nf_cse_cic18_v2,core,DDoS,1390270
nf_cse_cic18_v2,core,DoS,483999
nf_cse_cic18_v2,core,Bot/Backdoor,143097
nf_cse_cic18_v2,core,BruteForce,120912
nf_cse_cic18_v2,core,Other,116361
nf_cse_cic18_v2,core,WebAttack,3502
nf_cse_cic18_v2,nf43,Benign,16635567
nf_cse_cic18_v2,nf43,DDoS,1390270
nf_cse_cic18_v2,nf43,DoS,483999
nf_cse_cic18_v2,nf43,Bot/Backdoor,143097
nf_cse_cic18_v2,nf43,BruteForce,120912
nf_cse_cic18_v2,nf43,Other,116361
nf_cse_cic18_v2,nf43,WebAttack,3502
nf_ton_v2,core,Benign,6099469
nf_ton_v2,core,Recon,3781419
nf_ton_v2,core,WebAttack,3139485
nf_ton_v2,core,DDoS,2026234
nf_ton_v2,core,BruteForce,1153323
nf_ton_v2,core,DoS,712609
nf_ton_v2,core,Bot/Backdoor,16809
nf_ton_v2,core,Other,11148
nf_ton_v2,nf43,Benign,6099469
nf_ton_v2,nf43,Recon,3781419
nf_ton_v2,nf43,WebAttack,3139485
nf_ton_v2,nf43,DDoS,2026234
nf_ton_v2,nf43,BruteForce,1153323
nf_ton_v2,nf43,DoS,712609
nf_ton_v2,nf43,Bot/Backdoor,16809
nf_ton_v2,nf43,Other,11148
nf_unsw_v2,core,Benign,2295222
nf_unsw_v2,core,Other,72012
nf_unsw_v2,core,Recon,15078
nf_unsw_v2,core,DoS,5794
nf_unsw_v2,core,Bot/Backdoor,2169
nf_unsw_v2,nf43,Benign,2295222
nf_unsw_v2,nf43,Other,72012
nf_unsw_v2,nf43,Recon,15078
nf_unsw_v2,nf43,DoS,5794
nf_unsw_v2,nf43,Bot/Backdoor,2169
