model,period,fpr_benign,fpr_benign_max_hour,dr,benign_q99,ks_max,threshold,n_benign
ae,early_test,0.016343661418913802,0.0184017734979823,0.9543109801031687,0.7584125796953837,0.0568188087774295,0.6958192388216654,115478.0
ae,later,0.013136192271441985,0.0330622726300021,0.5956192065511282,0.7493655872013834,0.10023399079972195,0.6958192388216654,645088.0
ae,sudden,0.5834256724460087,0.6118016792879913,0.43539879924791436,0.9883625308672587,0.3905845516170701,0.6958192388216654,1350096.0
mlp,early_test,8.371002846140967e-05,8.659658116697553e-05,0.9855072463768116,0.0005925496322257666,0.0568188087774295,0.9999972581863403,115478.0
mlp,later,0.0,0.0,0.0,0.0005787937499108555,0.10023399079972194,0.9999972581863403,645088.0
mlp,sudden,0.0,0.0,0.0,0.0015915692395840665,0.3905845516170701,0.9999972581863403,1350096.0
rf,early_test,8.659658116697553e-05,8.659658116697553e-05,0.9859985261606485,0.0,0.0568188087774295,0.9049999999999999,115478.0
rf,later,0.0,0.0,0.0,0.0003416666666666667,0.10023399079972194,0.9050000000000001,645088.0
rf,sudden,0.0,0.0,0.0,0.03166666666666667,0.3905845516170701,0.9049999999999999,1350096.0
xgb,early_test,0.0001818528204506,0.0001818528204506,1.0,0.4501665234565735,0.0568188087774295,0.5498335361480713,115478.0
xgb,later,4.650528300014882e-06,2.9982310436842264e-05,0.006623168780007364,0.45017894729971886,0.10023399079972194,0.5498335361480713,645088.0
xgb,sudden,0.0004236735758049001,0.0004236735758049,0.027429276563793403,0.4501665234565735,0.3905845516170701,0.5498335361480713,1350096.0
