model,seed,period,day,hour,n_benign,n_attack,fpr_benign,dr,benign_score_q99,ks_max_benign,attack_families,threshold,run_id
ae,0,early_test,Mon-Tue,-1.0,115478.0,1357.0,0.014227818285734078,0.9454679439941046,0.7449414134025574,0.05681880877742951,BruteForce,0.7093697190284729,104c922204854b1b88991fb5cb661709
ae,0,later,Fri,15.0,38693.0,24165.0,0.01261210037991368,0.9974756879784813,0.7362691760063171,0.11821154730829864,DDoS;Recon,0.7093697190284729,104c922204854b1b88991fb5cb661709
ae,0,later,Fri,9.0,36655.0,0.0,0.017460100941208565,,0.7794629335403442,0.09926610285090712,,0.7093697190284729,104c922204854b1b88991fb5cb661709
ae,0,later,Fri,12.0,9227.0,0.0,0.0225425382030996,,0.7737742066383362,0.14489899208843604,,0.7093697190284729,104c922204854b1b88991fb5cb661709
ae,0,later,Wed,15.0,40073.0,11.0,0.0106805080727672,1.0,0.7189546227455139,0.13159775409876973,Other,0.7093697190284729,104c922204854b1b88991fb5cb661709
ae,0,later,Thu,10.0,29665.0,673.0,0.007584695769425249,0.02674591381872214,0.6800756454467773,0.08769642676554856,WebAttack,0.7093697190284729,104c922204854b1b88991fb5cb661709
ae,0,later,Fri,16.0,26899.0,79672.0,0.015874196066768282,1.0,0.7757810354232788,0.10584593479311499,DDoS,0.7093697190284729,104c922204854b1b88991fb5cb661709
ae,0,later,Fri,14.0,36737.0,83063.0,0.007703405286223698,0.9996388283591973,0.6844284534454346,0.11603835506437651,Recon,0.7093697190284729,104c922204854b1b88991fb5cb661709
ae,0,later,Wed,10.0,43034.0,158050.0,0.012246130966212762,0.1043024359379943,0.7351247072219849,0.08400739415346015,DoS,0.7093697190284729,104c922204854b1b88991fb5cb661709
ae,0,later,Thu,8.0,5.0,0.0,0.2,,0.8297373056411743,,,0.7093697190284729,104c922204854b1b88991fb5cb661709
ae,0,later,Thu,11.0,28057.0,0.0,0.007769896995402217,,0.665136456489563,0.0715616780126172,,0.7093697190284729,104c922204854b1b88991fb5cb661709
ae,0,later,Wed,13.0,31421.0,0.0,0.007160816014767194,,0.6709383726119995,0.08537862098596483,,0.7093697190284729,104c922204854b1b88991fb5cb661709
ae,0,later,Wed,12.0,14902.0,0.0,0.014159173265333513,,0.7386299967765808,0.0686540263051939,,0.7093697190284729,104c922204854b1b88991fb5cb661709
ae,0,later,Wed,8.0,9346.0,0.0,0.025144446822169913,,0.836740255355835,0.08401818959982876,,0.7093697190284729,104c922204854b1b88991fb5cb661709
ae,0,later,Wed,16.0,28713.0,0.0,0.007557552328213701,,0.680061936378479,0.0800193623097552,,0.7093697190284729,104c922204854b1b88991fb5cb661709
ae,0,later,Fri,8.0,2.0,0.0,1.0,,0.8977418541908264,,,0.7093697190284729,104c922204854b1b88991fb5cb661709
ae,0,later,Wed,14.0,40332.0,3.0,0.009868094813051672,0.0,0.7071959376335144,0.08991204502628192,DoS,0.7093697190284729,104c922204854b1b88991fb5cb661709
ae,0,later,Wed,17.0,2189.0,0.0,0.021014161717679305,,0.811216413974762,0.10409193695751484,,0.7093697190284729,104c922204854b1b88991fb5cb661709
ae,0,later,Thu,9.0,41114.0,1360.0,0.016515055698788732,0.052941176470588235,0.7793208360671997,0.0934880624604757,WebAttack,0.7093697190284729,104c922204854b1b88991fb5cb661709
ae,0,later,Fri,10.0,51476.0,724.0,0.010432046002020358,0.9585635359116023,0.7155413627624512,0.13350611547128757,Bot/Backdoor,0.7093697190284729,104c922204854b1b88991fb5cb661709
ae,0,later,Wed,11.0,33141.0,14626.0,0.00841857517878157,0.0998906057705456,0.6946001648902893,0.0755668099936635,DoS,0.7093697190284729,104c922204854b1b88991fb5cb661709
ae,0,later,Fri,11.0,39427.0,11.0,0.01146422502346108,1.0,0.725128710269928,0.11376154919217793,Bot/Backdoor,0.7093697190284729,104c922204854b1b88991fb5cb661709
ae,0,later,Fri,17.0,775.0,0.0,0.02064516129032258,,0.8215911984443665,0.13954838709677425,,0.7093697190284729,104c922204854b1b88991fb5cb661709
ae,0,later,Fri,13.0,29852.0,166.0,0.009178614498191077,0.9698795180722891,0.6981502771377563,0.10070598284872034,Recon,0.7093697190284729,104c922204854b1b88991fb5cb661709
ae,0,later,Wed,9.0,33353.0,3011.0,0.009954127065031631,0.6320159415476586,0.7087586522102356,0.07737252421071572,DoS,0.7093697190284729,104c922204854b1b88991fb5cb661709
ae,0,sudden,LycoS18,-1.0,1350096.0,649926.0,0.5571781562200021,0.4348218104830396,0.9888241291046143,0.3905845516170702,Bot/Backdoor;BruteForce;DDoS;DoS;WebAttack,0.7093697190284729,104c922204854b1b88991fb5cb661709
