label,len,share
benign,1395675,0.7595518471312622
portscan,160106,0.08713261184501969
dos_hulk,158988,0.08652417580862673
ddos,95683,0.05207243762986409
dos_goldeneye,6765,0.0036816366602848
dos_slowloris,5674,0.0030878945174362096
dos_slowhttptest,4866,0.0026481661476638343
ftp_patator,4003,0.00217850577252329
ssh_patator,2959,0.001610341888807498
webattack_bruteforce,1360,0.0007401368600129088
bot,735,0.0004000004353746235
webattack_xss,661,0.00035972828269745054
webattack_sql_injection,12,6.530619353055078e-6
heartbleed,11,5.986401073633822e-6
