attack,len,share
Benign,16635567,0.8804818514184722
DDOS attack-HOIC,1080858,0.057207298853142005
DoS attacks-Hulk,432648,0.02289905189600686
DDoS attacks-LOIC-HTTP,307300,0.016264673932718764
Bot,143097,0.007573791232509786
Infilteration,116361,0.006158716965457495
SSH-Bruteforce,94979,0.0050270174599925015
DoS attacks-GoldenEye,27723,0.0014673138803669454
FTP-BruteForce,25933,0.0013725733455815026
DoS attacks-SlowHTTPTest,14116,0.0007471270329783862
DoS attacks-Slowloris,9512,0.0005034480261894594
Brute Force -Web,2143,0.00011342400337720896
DDOS attack-LOIC-UDP,2112,0.00011178324551220967
Brute Force -XSS,927,0.00004906395293078521
SQL Injection,432,0.00002286475476386107
