track,model,source,seed,cfg_hash
cic77,dt,lycos17,1,3d54743ff8
cic77,dt,lycos17,2,3d54743ff8
cic77,dt,lycos18,0,8bd4f78e55
cic77,dt,lycos18,1,8bd4f78e55
cic77,dt,lycos18,2,8bd4f78e55
cic77,rf,lycos17,1,cdbb64cf68
cic77,rf,lycos17,2,cdbb64cf68
cic77,rf,lycos18,0,7c3fda13ea
cic77,rf,lycos18,1,7c3fda13ea
cic77,rf,lycos18,2,7c3fda13ea
cic77,xgb,lycos17,1,11c9468206
cic77,xgb,lycos17,2,11c9468206
cic77,xgb,lycos18,0,a1be8a1872
cic77,xgb,lycos18,1,a1be8a1872
cic77,xgb,lycos18,2,a1be8a1872
cic77,mlp,lycos17,1,9de1d4756b
cic77,mlp,lycos17,2,9de1d4756b
cic77,mlp,lycos18,0,f689dadd35
cic77,mlp,lycos18,1,f689dadd35
cic77,mlp,lycos18,2,f689dadd35
cic77,ae,lycos17,1,f9b70ede4a
cic77,ae,lycos17,2,f9b70ede4a
cic77,ae,lycos18,0,76e2599a49
cic77,ae,lycos18,1,76e2599a49
cic77,ae,lycos18,2,76e2599a49
cic77,tabnet,lycos17,1,7f2cf13086
cic77,tabnet,lycos17,2,7f2cf13086
cic77,tabnet,lycos18,0,d63309d5b5
cic77,tabnet,lycos18,1,d63309d5b5
cic77,tabnet,lycos18,2,d63309d5b5
