model,source,nf_cse_cic18_v2,nf_ton_v2,nf_unsw_v2
ae,nf_cse_cic18_v2,0.828 ± 0.014,-0.098 ± 0.011,0.001 ± 0.008
ae,nf_ton_v2,0.008 ± 0.003,0.476 ± 0.027,0.000 ± 0.000
ae,nf_unsw_v2,0.001 ± 0.001,0.002 ± 0.002,0.691 ± 0.025
dt,nf_cse_cic18_v2,0.985 ± 0.000,0.136 ± 0.006,0.338 ± 0.001
dt,nf_ton_v2,0.545 ± 0.005,0.930 ± 0.000,0.273 ± 0.014
dt,nf_unsw_v2,-0.046 ± 0.000,-0.186 ± 0.031,0.922 ± 0.000
lda,nf_cse_cic18_v2,0.696 ± 0.000,0.099 ± 0.000,-0.010 ± 0.000
lda,nf_ton_v2,0.220 ± 0.000,0.760 ± 0.000,0.086 ± 0.000
lda,nf_unsw_v2,-0.209 ± 0.000,-0.137 ± 0.000,0.819 ± 0.000
mlp,nf_cse_cic18_v2,0.968 ± 0.002,0.085 ± 0.020,0.005 ± 0.011
mlp,nf_ton_v2,0.756 ± 0.039,0.923 ± 0.000,0.364 ± 0.004
mlp,nf_unsw_v2,-0.431 ± 0.130,0.065 ± 0.071,0.913 ± 0.001
rf,nf_cse_cic18_v2,0.967 ± 0.000,0.000 ± 0.000,0.000 ± 0.000
rf,nf_ton_v2,-0.013 ± 0.001,0.940 ± 0.000,0.000 ± 0.000
rf,nf_unsw_v2,0.001 ± 0.008,-0.043 ± 0.035,0.925 ± 0.001
tabnet,nf_cse_cic18_v2,0.967 ± 0.000,0.246 ± 0.116,-0.002 ± 0.002
tabnet,nf_ton_v2,0.690 ± 0.126,0.919 ± 0.001,0.162 ± 0.059
tabnet,nf_unsw_v2,0.139 ± 0.240,-0.066 ± 0.297,0.902 ± 0.003
xgb,nf_cse_cic18_v2,0.967 ± 0.000,0.000 ± 0.000,0.000 ± 0.000
xgb,nf_ton_v2,0.509 ± 0.000,0.938 ± 0.000,0.324 ± 0.000
xgb,nf_unsw_v2,-0.105 ± 0.000,-0.077 ± 0.000,0.927 ± 0.000
