model,source,lycos17,lycos18,nf_cse_cic18_v2,nf_ton_v2,nf_unsw_v2
lda,lycos17,2.20 ± 0.00,6.35 ± 0.00,18.72 ± 0.00,9.25 ± 0.00,0.08 ± 0.00
lda,lycos18,6.93 ± 0.00,11.50 ± 0.00,2.91 ± 0.00,2.23 ± 0.00,0.84 ± 0.00
lda,nf_cse_cic18_v2,24.77 ± 0.00,42.13 ± 0.00,41.93 ± 0.00,44.36 ± 0.00,45.33 ± 0.00
lda,nf_ton_v2,38.25 ± 0.00,75.88 ± 0.00,88.14 ± 0.00,30.75 ± 0.00,77.14 ± 0.00
lda,nf_unsw_v2,83.42 ± 0.00,58.14 ± 0.00,35.11 ± 0.00,69.87 ± 0.00,9.57 ± 0.00
mlp,lycos17,0.09 ± 0.02,0.87 ± 0.08,3.87 ± 0.03,5.48 ± 0.21,0.18 ± 0.15
mlp,lycos18,0.08 ± 0.02,0.03 ± 0.00,0.01 ± 0.00,0.01 ± 0.00,0.00 ± 0.00
mlp,nf_cse_cic18_v2,0.00 ± 0.00,0.00 ± 0.00,0.00 ± 0.00,0.05 ± 0.03,0.08 ± 0.06
mlp,nf_ton_v2,9.43 ± 0.42,11.54 ± 0.63,12.06 ± 1.89,3.52 ± 0.02,1.53 ± 0.23
mlp,nf_unsw_v2,62.27 ± 11.41,53.25 ± 3.50,45.45 ± 0.89,13.97 ± 0.49,0.66 ± 0.04
rf,lycos17,0.20 ± 0.01,0.00 ± 0.00,0.00 ± 0.00,0.00 ± 0.00,0.00 ± 0.00
rf,lycos18,0.00 ± 0.00,0.03 ± 0.00,0.00 ± 0.00,0.00 ± 0.00,0.00 ± 0.00
rf,nf_cse_cic18_v2,0.00 ± 0.00,0.00 ± 0.00,0.00 ± 0.00,0.00 ± 0.00,0.00 ± 0.00
rf,nf_ton_v2,5.27 ± 0.61,7.19 ± 0.05,5.68 ± 0.13,3.01 ± 0.01,0.89 ± 0.05
rf,nf_unsw_v2,40.74 ± 1.30,29.36 ± 1.45,38.00 ± 1.02,2.99 ± 0.04,0.54 ± 0.01
xgb,lycos17,0.01 ± 0.00,0.03 ± 0.00,0.00 ± 0.00,0.00 ± 0.00,0.00 ± 0.00
xgb,lycos18,0.01 ± 0.00,0.03 ± 0.00,0.00 ± 0.00,0.00 ± 0.00,0.00 ± 0.00
xgb,nf_cse_cic18_v2,0.00 ± 0.00,0.00 ± 0.00,0.00 ± 0.00,0.00 ± 0.00,0.01 ± 0.00
xgb,nf_ton_v2,12.29 ± 0.00,24.31 ± 0.00,13.63 ± 0.00,3.33 ± 0.00,3.18 ± 0.00
xgb,nf_unsw_v2,59.37 ± 0.00,55.97 ± 0.00,66.05 ± 0.00,10.00 ± 0.00,0.51 ± 0.00
