track,model,source,target,kind,fpr_at_thr_mean,dr_at_thr_mean,pr_auc_mean,mcc_at_thr_mean,oracle_fpr_at_dr_mean,roc_auc_mean,fpr_at_thr_std,dr_at_thr_std,pr_auc_std,mcc_at_thr_std,oracle_fpr_at_dr_std,roc_auc_std,n_seeds,run_ids
core,lda,lycos17,lycos17,within,0.021962412185311534,0.8422185077174763,0.8800069703753765,0.8378335085723618,0.919646570029109,0.9326478607407918,0.0,0.0,0.0,0.0,0.0,0.0,3,566f88caa05a4d64a6235db8d4764262;a2d73f704735497eada45c109e829791;fde572c63ecf45eabe364daddcd3a58f
core,lda,lycos17,lycos18,cross,0.0634747454995793,7.539319861030332e-05,0.23746423960194893,-0.14658512100386362,0.8258679382799445,0.29303289128618676,0.0,0.0,0.0,0.0,0.0,0.0,3,566f88caa05a4d64a6235db8d4764262;a2d73f704735497eada45c109e829791;fde572c63ecf45eabe364daddcd3a58f
core,lda,lycos17,nf_cse_cic18_v2,cross,0.18722383578631333,0.00684265042845036,0.13783957169470526,-0.2185033708596398,0.9784877459778741,0.11104492297387562,0.0,0.0,0.0,0.0,0.0,0.0,3,566f88caa05a4d64a6235db8d4764262;a2d73f704735497eada45c109e829791;fde572c63ecf45eabe364daddcd3a58f
core,lda,lycos17,nf_ton_v2,cross,0.09245790051182991,0.23162235177022608,0.5901642736621071,0.1804486760210607,0.9887055762521436,0.36867863004703544,0.0,0.0,0.0,0.0,0.0,0.0,3,566f88caa05a4d64a6235db8d4764262;a2d73f704735497eada45c109e829791;fde572c63ecf45eabe364daddcd3a58f
core,lda,lycos17,nf_unsw_v2,cross,0.0008326696111794946,0.017563739376770537,0.054188651620827644,0.08876853007885073,0.9979653899065962,0.3516344353753413,0.0,0.0,0.0,0.0,0.0,0.0,3,566f88caa05a4d64a6235db8d4764262;a2d73f704735497eada45c109e829791;fde572c63ecf45eabe364daddcd3a58f
core,lda,lycos18,lycos17,cross,0.06933910361857237,0.01488370438864784,0.22728810481046327,-0.08642482255481022,0.99785822320847,0.624763195941308,0.0,0.0,0.0,0.0,0.0,0.0,3,033c5a2d7c514dd48742e886406985e6;6019f32955484151b1d59bc33fde4beb;c56fdeb78b8f4bdf867aa5081cf0e083
core,lda,lycos18,lycos18,within,0.11500145174861638,0.9504574366927927,0.625459502249416,0.803568627810549,0.11500145174861638,0.8905123556228326,0.0,0.0,0.0,0.0,0.0,0.0,3,033c5a2d7c514dd48742e886406985e6;6019f32955484151b1d59bc33fde4beb;c56fdeb78b8f4bdf867aa5081cf0e083
core,lda,lycos18,nf_cse_cic18_v2,cross,0.02905720719250726,0.8378375550603178,0.8448105767995765,0.8293394690378578,0.6567992690010769,0.9119605221511157,0.0,0.0,0.0,0.0,0.0,0.0,3,033c5a2d7c514dd48742e886406985e6;6019f32955484151b1d59bc33fde4beb;c56fdeb78b8f4bdf867aa5081cf0e083
core,lda,lycos18,nf_ton_v2,cross,0.022266900570963016,0.3564256982061525,0.821154019682884,0.39752350308307816,0.9857357801299614,0.7377935517413201,0.0,0.0,0.0,0.0,0.0,0.0,3,033c5a2d7c514dd48742e886406985e6;6019f32955484151b1d59bc33fde4beb;c56fdeb78b8f4bdf867aa5081cf0e083
core,lda,lycos18,nf_unsw_v2,cross,0.008406342770255593,0.20269121813031163,0.21756920518003775,0.3155804916492668,0.9451306929259286,0.5772559413474049,0.0,0.0,0.0,0.0,0.0,0.0,3,033c5a2d7c514dd48742e886406985e6;6019f32955484151b1d59bc33fde4beb;c56fdeb78b8f4bdf867aa5081cf0e083
core,lda,nf_cse_cic18_v2,lycos17,cross,0.24771010204720004,0.08581691443203641,0.10918772987583603,-0.14731539870225094,0.9996172769994517,0.11152478421702965,0.0,0.0,0.0,0.0,0.0,0.0,3,5a0bc7d188444139b6438918d2b04798;ca964051a5e94889a9722ba546cdfb4d;f1a7f32867234b26bba7da358db4edc0
core,lda,nf_cse_cic18_v2,lycos18,cross,0.4213241132482431,0.9969704243252308,0.5320411806458598,0.5523527053192941,0.17260550360863228,0.8323984755740089,0.0,0.0,0.0,0.0,0.0,0.0,3,5a0bc7d188444139b6438918d2b04798;ca964051a5e94889a9722ba546cdfb4d;f1a7f32867234b26bba7da358db4edc0
core,lda,nf_cse_cic18_v2,nf_cse_cic18_v2,within,0.41934210096922625,0.9493183506492148,0.6588240201452694,0.4530940679465892,0.42041575563750283,0.9096005647751969,0.0,0.0,0.0,0.0,0.0,0.0,3,5a0bc7d188444139b6438918d2b04798;ca964051a5e94889a9722ba546cdfb4d;f1a7f32867234b26bba7da358db4edc0
core,lda,nf_cse_cic18_v2,nf_ton_v2,cross,0.44363629195986826,0.6511652440338863,0.7353635127695618,0.20601693678932906,0.9823257708657746,0.6161943767710063,0.0,0.0,0.0,0.0,0.0,0.0,3,5a0bc7d188444139b6438918d2b04798;ca964051a5e94889a9722ba546cdfb4d;f1a7f32867234b26bba7da358db4edc0
core,lda,nf_cse_cic18_v2,nf_unsw_v2,cross,0.4533270581420607,0.7131728045325779,0.1825346626274759,0.11204492654272354,0.9299471435812033,0.7058290354631721,0.0,0.0,0.0,0.0,0.0,0.0,3,5a0bc7d188444139b6438918d2b04798;ca964051a5e94889a9722ba546cdfb4d;f1a7f32867234b26bba7da358db4edc0
core,lda,nf_ton_v2,lycos17,cross,0.3824543584421702,0.9998755245750054,0.7618196033241061,0.46555771689131503,0.31321829563143777,0.9340886118641487,0.0,0.0,0.0,0.0,0.0,0.0,3,222949f841bb43c294182fc971b66a58;4487e00b98d94359a995856d3fcdda86;66998c438f17499296e0d949087137ba
core,lda,nf_ton_v2,lycos18,cross,0.7588275204133632,0.9990214270547724,0.3036931772645157,0.304478859447805,0.5390535191571563,0.5034658483218615,0.0,0.0,0.0,0.0,0.0,0.0,3,222949f841bb43c294182fc971b66a58;4487e00b98d94359a995856d3fcdda86;66998c438f17499296e0d949087137ba
core,lda,nf_ton_v2,nf_cse_cic18_v2,cross,0.8814019515060535,0.9573223683522186,0.16377823485390375,0.10747107464353724,0.760836080018275,0.28023630864241134,0.0,0.0,0.0,0.0,0.0,0.0,3,222949f841bb43c294182fc971b66a58;4487e00b98d94359a995856d3fcdda86;66998c438f17499296e0d949087137ba
core,lda,nf_ton_v2,nf_ton_v2,within,0.30745931313609154,0.950023621361049,0.8392655225988973,0.6811356811816468,0.3074067503728671,0.8815794092818302,0.0,0.0,0.0,0.0,0.0,0.0,3,222949f841bb43c294182fc971b66a58;4487e00b98d94359a995856d3fcdda86;66998c438f17499296e0d949087137ba
core,lda,nf_ton_v2,nf_unsw_v2,cross,0.7713851277966838,0.8926345609065156,0.11583810841179282,0.06268312720921941,0.906458619940627,0.6665747060221939,0.0,0.0,0.0,0.0,0.0,0.0,3,222949f841bb43c294182fc971b66a58;4487e00b98d94359a995856d3fcdda86;66998c438f17499296e0d949087137ba
core,lda,nf_unsw_v2,lycos17,cross,0.8342331003875071,0.06335799132228466,0.09852248319241615,-0.6352926086655812,0.9887722319742988,0.1023044320446973,0.0,0.0,0.0,0.0,0.0,0.0,3,13b157896f2a408aa3bfdd9b85862f89;15a0db29f9e44c14899c8e36421d1b0a;403824385c5044ba94e5534dea72f62c
core,lda,nf_unsw_v2,lycos18,cross,0.5813934712790794,0.9943055055498626,0.5013468165574271,0.42867161255396874,0.23345154714923977,0.8068961032456542,0.0,0.0,0.0,0.0,0.0,0.0,3,13b157896f2a408aa3bfdd9b85862f89;15a0db29f9e44c14899c8e36421d1b0a;403824385c5044ba94e5534dea72f62c
core,lda,nf_unsw_v2,nf_cse_cic18_v2,cross,0.3511046568547466,0.8425667263044456,0.4610460674238011,0.4192980111765929,0.6753679470025781,0.7981229297153298,0.0,0.0,0.0,0.0,0.0,0.0,3,13b157896f2a408aa3bfdd9b85862f89;15a0db29f9e44c14899c8e36421d1b0a;403824385c5044ba94e5534dea72f62c
core,lda,nf_unsw_v2,nf_ton_v2,cross,0.6986576784341553,0.5853281534517001,0.47285245901653883,-0.11562061732331767,0.9522795813375909,0.34355915020480654,0.0,0.0,0.0,0.0,0.0,0.0,3,13b157896f2a408aa3bfdd9b85862f89;15a0db29f9e44c14899c8e36421d1b0a;403824385c5044ba94e5534dea72f62c
core,lda,nf_unsw_v2,nf_unsw_v2,within,0.09568459923249584,0.9439093484419262,0.549447591601086,0.5307239036137785,0.09990587213091014,0.959778746690192,0.0,0.0,0.0,0.0,0.0,0.0,3,13b157896f2a408aa3bfdd9b85862f89;15a0db29f9e44c14899c8e36421d1b0a;403824385c5044ba94e5534dea72f62c
core,mlp,lycos17,lycos17,within,0.000854993369814686,0.8444175735590488,0.9974072860369302,0.9017319631131854,0.002070629567069139,0.9994812969253778,0.00015156775628472597,0.0030468514198653514,3.797073343763993e-05,0.0014292173166784209,9.442220675592371e-05,2.661400133286658e-05,3,8198188b97504b2fbf3078ebaa7a185f;c4f8909613f548789211bf4fc9aa5e4c;d034624ca26d40a1b502e1e18d7f7afb
core,mlp,lycos17,lycos18,cross,0.008738637845012503,0.009768804448506445,0.6448942031769053,-0.00909948519356322,0.20961595817383852,0.8707316645108416,0.0008394120216419522,0.016260428240901303,0.04667350650545071,0.06917051288417761,0.09888868807443855,0.03814920123269621,3,8198188b97504b2fbf3078ebaa7a185f;c4f8909613f548789211bf4fc9aa5e4c;d034624ca26d40a1b502e1e18d7f7afb
core,mlp,lycos17,nf_cse_cic18_v2,cross,0.03872662598309565,0.0025494278609567854,0.25576739640140983,-0.09009807008244815,0.7653961209194051,0.5717804485212367,0.00025412554037048746,4.832545647506191e-05,0.03476347139635534,0.0004876275071989681,0.18354985983052494,0.0904934726374231,3,8198188b97504b2fbf3078ebaa7a185f;c4f8909613f548789211bf4fc9aa5e4c;d034624ca26d40a1b502e1e18d7f7afb
core,mlp,lycos17,nf_ton_v2,cross,0.054781349855561906,0.2105083714409336,0.6982208109774478,0.21670491227444508,0.8232270470458632,0.6137238835035883,0.002112029669025763,0.0007974656282540486,0.04859568106622232,0.0028071936309229874,0.06836325276364923,0.0962269131117535,3,8198188b97504b2fbf3078ebaa7a185f;c4f8909613f548789211bf4fc9aa5e4c;d034624ca26d40a1b502e1e18d7f7afb
core,mlp,lycos17,nf_unsw_v2,cross,0.0018198054690705477,0.000708215297450425,0.27945067148335756,0.0008620905934593205,0.8748847536987426,0.7701593951913491,0.0015373347144214493,0.00028328611898017,0.04765518690249457,0.01712623549369131,0.19673166337506473,0.06146958131617673,3,8198188b97504b2fbf3078ebaa7a185f;c4f8909613f548789211bf4fc9aa5e4c;d034624ca26d40a1b502e1e18d7f7afb
core,mlp,lycos18,lycos17,cross,0.0007973395844756755,0.023952628209687743,0.6334320280180505,0.12662958579903216,0.24924222072567717,0.9186944952414201,0.00017108506506032078,0.0022112225553032896,0.05997288080390969,0.007233184614786873,0.0812116939174886,0.014745463738130847,3,b1f218df44994d34995a6679a47f5e8b;fa84d683e684410292798547da785ce0;fab9a229479d4256b4871994b0bdc04b
core,mlp,lycos18,lycos18,within,0.00030565727671711247,0.9528069349433629,0.9997299465628958,0.9647292052331515,0.00030269452443875593,0.9999064897455283,2.3449923816578555e-05,0.0020906732632407004,2.7659858510328878e-05,0.0015187564846458838,2.5895850374496414e-05,9.896513759891373e-06,3,b1f218df44994d34995a6679a47f5e8b;fa84d683e684410292798547da785ce0;fab9a229479d4256b4871994b0bdc04b
core,mlp,lycos18,nf_cse_cic18_v2,cross,6.09165769234953e-05,0.03844021051089697,0.9305167353739171,0.17125281874507103,0.09071130981518345,0.974967309170037,2.736839435957994e-05,0.0010253512874436321,0.01262245621965409,0.002045679377392254,0.13064729482397933,0.009656961677523244,3,b1f218df44994d34995a6679a47f5e8b;fa84d683e684410292798547da785ce0;fab9a229479d4256b4871994b0bdc04b
core,mlp,lycos18,nf_ton_v2,cross,7.665402970234145e-05,0.001591575200781569,0.7347316549826292,0.023274787386162846,0.8327803292619093,0.6681516879238059,1.003636838383923e-05,0.0008481251487284345,0.04645814305034296,0.00708707824416159,0.05782450511910211,0.08023744808784201,3,b1f218df44994d34995a6679a47f5e8b;fa84d683e684410292798547da785ce0;fab9a229479d4256b4871994b0bdc04b
core,mlp,lycos18,nf_unsw_v2,cross,1.93082808389448e-05,0.013975448536355052,0.3021189534826781,0.11349653418172002,0.7793763425289021,0.7969384225148229,1.106020731049125e-05,0.0019897363083763438,0.04960294858962328,0.007695501208300506,0.3057965886282304,0.06089725285690397,3,b1f218df44994d34995a6679a47f5e8b;fa84d683e684410292798547da785ce0;fab9a229479d4256b4871994b0bdc04b
core,mlp,nf_cse_cic18_v2,lycos17,cross,0.0,0.0007646347535386586,0.642889465930731,0.023683394462492707,0.7002959969872831,0.8261580570407575,0.0,0.0006364439209109212,0.0730518637568971,0.010445909138403372,0.30125083307042155,0.09844783194756469,3,389f299b6a9e48dd9a5e6ef5690fd082;b602122749334b0ca6c85e522c4f7399;efe94014bdd54f739e597cad087a93e0
core,mlp,nf_cse_cic18_v2,lycos18,cross,1.481376139178251e-06,0.0008129130598457877,0.36928789567794335,0.023330592089673117,0.8785155524742931,0.3847858109514861,1.2829093690884775e-06,6.079724568740625e-05,0.04180091514173972,0.000888717342624143,0.01806160044280196,0.1184491884914717,3,389f299b6a9e48dd9a5e6ef5690fd082;b602122749334b0ca6c85e522c4f7399;efe94014bdd54f739e597cad087a93e0
core,mlp,nf_cse_cic18_v2,nf_cse_cic18_v2,within,3.2633880494729634e-06,0.9516620107348003,0.9940797333564548,0.9682526972335525,3.2633880494729634e-06,0.9956631949875949,0.0,0.0012794130376899383,3.1751944343370816e-05,0.0008411750105633781,0.0,3.0411880442895078e-05,3,389f299b6a9e48dd9a5e6ef5690fd082;b602122749334b0ca6c85e522c4f7399;efe94014bdd54f739e597cad087a93e0
core,mlp,nf_cse_cic18_v2,nf_ton_v2,cross,0.0005321979776476849,0.008205556294519386,0.6990390861094055,0.05075788544275478,0.9613663690300198,0.6007065967896428,0.00026453290940410117,0.005816506015015243,0.04542888261776389,0.01999140892198442,0.013091879396793746,0.06549967356081143,3,389f299b6a9e48dd9a5e6ef5690fd082;b602122749334b0ca6c85e522c4f7399;efe94014bdd54f739e597cad087a93e0
core,mlp,nf_cse_cic18_v2,nf_unsw_v2,cross,0.0008037071899210774,0.0,0.27274110702989335,-0.006013781605179518,0.4184007916395143,0.8624488333976372,0.0005715493699765661,0.0,0.06967384367957279,0.0021074307195438967,0.38496753410216517,0.0775558662421273,3,389f299b6a9e48dd9a5e6ef5690fd082;b602122749334b0ca6c85e522c4f7399;efe94014bdd54f739e597cad087a93e0
core,mlp,nf_ton_v2,lycos17,cross,0.09429092590752579,0.2509898759987671,0.34302463014387685,0.15948378452454176,0.3540985094656475,0.8111643170344692,0.004174428417308317,0.25192256618614933,0.09579392494502037,0.25776340339011033,0.09693496751548888,0.06841622635947742,3,9c17b26e6f08419c8a81513faff8ae45;a6ac10d60fb34eacb7e46c8a0964c06c;f4fc1bdb480b41b4a838bb53ca0054a5
core,mlp,nf_ton_v2,lycos18,cross,0.1153695737192022,0.9605898722828958,0.8988837157094746,0.8116364128442486,0.11338181383644817,0.9732298492959242,0.006297942081477812,0.015790668053510485,0.01515572624970648,0.016967953008622257,0.022997369003538895,0.0014823983780014325,3,9c17b26e6f08419c8a81513faff8ae45;a6ac10d60fb34eacb7e46c8a0964c06c;f4fc1bdb480b41b4a838bb53ca0054a5
core,mlp,nf_ton_v2,nf_cse_cic18_v2,cross,0.12056152030371264,0.6293215592314748,0.5826929928800837,0.5038532158985122,0.4633749959207649,0.8680093759630836,0.01886523996202313,0.1792521811349652,0.04027197827535214,0.133741200522361,0.026963173178214582,0.019634419385684977,3,9c17b26e6f08419c8a81513faff8ae45;a6ac10d60fb34eacb7e46c8a0964c06c;f4fc1bdb480b41b4a838bb53ca0054a5
core,mlp,nf_ton_v2,nf_ton_v2,within,0.03523019205119613,0.9506229465087017,0.995099835653933,0.9109226857139535,0.034866632938893596,0.9935032974204973,0.0001777639703081947,0.0002397532643143893,1.0587515379496304e-05,0.00012305280935918388,8.215121577019009e-05,8.852581462614397e-06,3,9c17b26e6f08419c8a81513faff8ae45;a6ac10d60fb34eacb7e46c8a0964c06c;f4fc1bdb480b41b4a838bb53ca0054a5
core,mlp,nf_ton_v2,nf_unsw_v2,cross,0.015265609538290736,0.5343248347497639,0.45826094229028475,0.5666910380956822,0.9983153524968021,0.7739838140336333,0.002324835732250474,0.01755764614523346,0.011092594113325742,0.006067011687949539,0.000644630783469346,0.006455710503531168,3,9c17b26e6f08419c8a81513faff8ae45;a6ac10d60fb34eacb7e46c8a0964c06c;f4fc1bdb480b41b4a838bb53ca0054a5
core,mlp,nf_unsw_v2,lycos17,cross,0.6227467490011788,0.801443914929938,0.5030478272127997,0.13919900179981673,0.9645098017568458,0.7414026384325675,0.11411428460224672,0.00856764578877659,0.12178316129782708,0.0890030710502809,0.04155103888707926,0.010643402010288303,3,4d5ec171e5304d8a95e0d428ee9498aa;59e9a42ec299408399db824542358094;ec3495995a0740d3bf167d6018d43bd7
core,mlp,nf_unsw_v2,lycos18,cross,0.5325139841907539,0.9853696164383843,0.5385469757313642,0.45480980771149465,0.21140990467838336,0.8204808610548744,0.03503496444403158,0.015365689457641085,0.039414159984051206,0.028065234779587396,0.04464386273155574,0.02496386785628127,3,4d5ec171e5304d8a95e0d428ee9498aa;59e9a42ec299408399db824542358094;ec3495995a0740d3bf167d6018d43bd7
core,mlp,nf_unsw_v2,nf_cse_cic18_v2,cross,0.45452577532661076,0.23638183523930092,0.14735843232059054,-0.18939858336991175,0.9985140706414732,0.19020747284273232,0.008910010608146845,0.014759021837899898,0.0017345710098448461,0.005938288280684199,0.0008454652675921409,0.009807017855569746,3,4d5ec171e5304d8a95e0d428ee9498aa;59e9a42ec299408399db824542358094;ec3495995a0740d3bf167d6018d43bd7
core,mlp,nf_unsw_v2,nf_ton_v2,cross,0.13973153568683105,0.15950152048178404,0.6430553222199863,0.027164601431208704,0.9795049025727282,0.49945632058060446,0.004947483176822702,0.0009038886539674733,0.013453760740283862,0.007406811783365911,0.026332344635733473,0.03198620176068976,3,4d5ec171e5304d8a95e0d428ee9498aa;59e9a42ec299408399db824542358094;ec3495995a0740d3bf167d6018d43bd7
core,mlp,nf_unsw_v2,nf_unsw_v2,within,0.006598604976709385,0.9482058545797921,0.9465412712066854,0.9090117615883626,0.006666183959645693,0.9981365329629753,0.0004163400523721322,0.000829952588821823,0.001967142360809011,0.0037584988663130633,0.0004364429638217149,5.4011645823255024e-05,3,4d5ec171e5304d8a95e0d428ee9498aa;59e9a42ec299408399db824542358094;ec3495995a0740d3bf167d6018d43bd7
core,rf,lycos17,lycos17,within,0.0020313759259872597,0.8581809991227446,0.9948280394655146,0.9066387535252317,0.002643487391607817,0.999100513450195,9.287972903302797e-05,0.012275354496586071,0.0004411858795652739,0.007525430577621014,7.774650674483469e-05,5.712020944514677e-05,3,4e5f0eced9664bcea7161525e5766a37;4eeac4cdc22c430d9b1ee551ad654f90;8af8588529634040a1f67a90ccb0e090
core,rf,lycos17,lycos18,cross,1.1604113090229633e-05,0.0002113061076696937,0.46609057437862456,0.006759149420493205,0.39010386421903825,0.6764306428662535,1.1314197150809625e-06,0.0003306685048863062,0.05750470605205946,0.011148078082005821,0.13063232071086026,0.09958174843111545,3,4e5f0eced9664bcea7161525e5766a37;4eeac4cdc22c430d9b1ee551ad654f90;8af8588529634040a1f67a90ccb0e090
core,rf,lycos17,nf_cse_cic18_v2,cross,0.0,0.0,0.25339708683753914,0.0,0.7658355905100676,0.5446322405496759,0.0,0.0,0.02257325943982194,0.0,0.21149953846451705,0.08148018045230421,3,4e5f0eced9664bcea7161525e5766a37;4eeac4cdc22c430d9b1ee551ad654f90;8af8588529634040a1f67a90ccb0e090
core,rf,lycos17,nf_ton_v2,cross,0.0,0.0,0.6034932746005798,0.0,0.911547820068901,0.41388752918910304,0.0,0.0,0.0037942580375434224,0.0,0.003442298787884505,0.0064825518282743255,3,4e5f0eced9664bcea7161525e5766a37;4eeac4cdc22c430d9b1ee551ad654f90;8af8588529634040a1f67a90ccb0e090
core,rf,lycos17,nf_unsw_v2,cross,0.0,0.0,0.3762433741883103,0.0,0.515333188521227,0.8388986919665312,0.0,0.0,0.009552156876665139,0.0,0.19825379364111437,0.05302963218617323,3,4e5f0eced9664bcea7161525e5766a37;4eeac4cdc22c430d9b1ee551ad654f90;8af8588529634040a1f67a90ccb0e090
core,rf,lycos18,lycos17,cross,1.2266762838087317e-06,0.01655523152429049,0.8056028883828675,0.1151132400580588,0.7675019105483121,0.9147062218200501,2.124665647996503e-06,0.007053126732578293,0.01760051229327967,0.027451490002095107,0.4026985035930172,0.03322490625071415,3,3af3f0c7e87540ec95066d8b6c36ceaf;ab6e5bafd8804567808806328dfced89;f21b3fcb5f904b1a86f004663ddb64aa
core,rf,lycos18,lycos18,within,0.00027479527381756556,0.9513970308414598,0.9997654278992351,0.9637434782816715,0.00027479527381756556,0.9999230298908727,7.733010474003745e-06,0.0013617189839297407,2.1630579556613175e-05,0.0009945762152856392,7.733010474003745e-06,3.1448117594381e-06,3,3af3f0c7e87540ec95066d8b6c36ceaf;ab6e5bafd8804567808806328dfced89;f21b3fcb5f904b1a86f004663ddb64aa
core,rf,lycos18,nf_cse_cic18_v2,cross,0.0,0.015962696743637764,0.9183548854133229,0.09929767820553105,0.36695384481502025,0.9596300838341936,0.0,0.01800257339681494,0.035228802445615826,0.05991992802103299,0.5482436969359278,0.025830859078084422,3,3af3f0c7e87540ec95066d8b6c36ceaf;ab6e5bafd8804567808806328dfced89;f21b3fcb5f904b1a86f004663ddb64aa
core,rf,lycos18,nf_ton_v2,cross,0.0,0.0,0.6089023509114897,0.0,0.9826739991721366,0.4201017401763947,0.0,0.0,0.006501737316887264,0.0,0.030009513725840025,0.02502257730577777,3,3af3f0c7e87540ec95066d8b6c36ceaf;ab6e5bafd8804567808806328dfced89;f21b3fcb5f904b1a86f004663ddb64aa
core,rf,lycos18,nf_unsw_v2,cross,0.0,0.0,0.13436012724957536,0.0,0.9882678058552362,0.4824686115657286,0.0,0.0,0.007287009526225606,0.0,0.020320756342993025,0.10171473975792567,3,3af3f0c7e87540ec95066d8b6c36ceaf;ab6e5bafd8804567808806328dfced89;f21b3fcb5f904b1a86f004663ddb64aa
core,rf,nf_cse_cic18_v2,lycos17,cross,0.0,0.0,0.8582097910197448,0.0,0.10908096186140766,0.96910001514033,0.0,0.0,0.021851806554844443,0.0,0.020343085765403134,0.002737716366471404,3,80526a0288cc48b2a8046c0599c6630c;cb60b176643646bd886764d35c533e8d;ed4a19527d024ad5a58e97cb8260b46e
core,rf,nf_cse_cic18_v2,lycos18,cross,7.406880695891255e-07,0.0007103372794236062,0.9756757084164874,0.02185306943367524,0.02517080266884725,0.9901178889462106,0.0,1.29037722503886e-05,0.015827394610744325,0.0001999075305446004,0.014150154217900788,0.00596689250846049,3,80526a0288cc48b2a8046c0599c6630c;cb60b176643646bd886764d35c533e8d;ed4a19527d024ad5a58e97cb8260b46e
core,rf,nf_cse_cic18_v2,nf_cse_cic18_v2,within,0.0,0.9499600671012204,0.9953417955477496,0.9671407505507172,0.0,0.9965520680511611,0.0,0.0001694623966471152,6.615759460618332e-06,0.00011143013650086186,0.0,1.7840344514567453e-05,3,80526a0288cc48b2a8046c0599c6630c;cb60b176643646bd886764d35c533e8d;ed4a19527d024ad5a58e97cb8260b46e
core,rf,nf_cse_cic18_v2,nf_ton_v2,cross,0.0,0.0,0.6546872198020789,0.0,0.9591521626291893,0.5318955977943559,0.0,0.0,0.007937442407016737,0.0,0.021948765689188646,0.012677561096878493,3,80526a0288cc48b2a8046c0599c6630c;cb60b176643646bd886764d35c533e8d;ed4a19527d024ad5a58e97cb8260b46e
core,rf,nf_cse_cic18_v2,nf_unsw_v2,cross,0.0,0.0,0.12358438112348676,0.0,0.9959814640503947,0.4730092771024779,0.0,0.0,0.008613966942943646,0.0,0.00039506112130052425,0.05332731141184723,3,80526a0288cc48b2a8046c0599c6630c;cb60b176643646bd886764d35c533e8d;ed4a19527d024ad5a58e97cb8260b46e
core,rf,nf_ton_v2,lycos17,cross,0.05267225295046313,0.04003366763876046,0.3774872660242647,-0.021725191451057516,0.24780823614990477,0.8441749238761314,0.006083982587226948,0.004695994581732695,0.022024501259021164,0.0028454332806887414,0.005914865775685322,0.014004902213457175,3,751476bd2d42442eb778f02d4485b83c;b78ac97f8ab24d4db65dcf11d5e42bbf;e9ce01613ac74138aae0c97c6004318c
core,rf,nf_ton_v2,lycos18,cross,0.07186822270416326,0.9410799588465969,0.7653942354662254,0.8511319965904603,0.3312947128698009,0.9192723275076453,0.00045769908149130827,0.0008958861141245846,0.03832886946109319,0.0005301716277763806,0.05636586232535386,0.004781098169375356,3,751476bd2d42442eb778f02d4485b83c;b78ac97f8ab24d4db65dcf11d5e42bbf;e9ce01613ac74138aae0c97c6004318c
core,rf,nf_ton_v2,nf_cse_cic18_v2,cross,0.05679818120506042,0.47281598431979804,0.6697493733795485,0.4851612971828127,0.48186426481306227,0.9039296255852376,0.0013363218764297934,0.12431713566373875,0.014591756305743114,0.10645207658989139,0.012512001858817361,0.004585217975102513,3,751476bd2d42442eb778f02d4485b83c;b78ac97f8ab24d4db65dcf11d5e42bbf;e9ce01613ac74138aae0c97c6004318c
core,rf,nf_ton_v2,nf_ton_v2,within,0.03009656217627361,0.9502789461050746,0.9952577949850859,0.9150558275145663,0.029949824462271984,0.9938528874379733,7.384943527919408e-05,0.00011660736078715856,1.0532632821782408e-05,0.00019032131527748746,0.00015773391047274347,1.1436931428787546e-05,3,751476bd2d42442eb778f02d4485b83c;b78ac97f8ab24d4db65dcf11d5e42bbf;e9ce01613ac74138aae0c97c6004318c
core,rf,nf_ton_v2,nf_unsw_v2,cross,0.008920425747592498,0.30552407932011333,0.48386601202017276,0.4224758729266344,0.9069799435232785,0.8560527255545987,0.0004787567954475862,0.0129732980623687,0.013531717574742405,0.008484095365911697,0.016257703425941444,0.00893172748135695,3,751476bd2d42442eb778f02d4485b83c;b78ac97f8ab24d4db65dcf11d5e42bbf;e9ce01613ac74138aae0c97c6004318c
core,rf,nf_unsw_v2,lycos17,cross,0.4074123141125427,0.014593261730326957,0.1403887069924543,-0.3126178723782627,0.9999582930063505,0.3881872788502478,0.01304803465791242,0.01157574105113168,0.0023995693820444567,0.00663043915937399,5.621336923749995e-06,0.01134002447067328,3,be2a68d4070847eea6b5c8d2894b7e49;d89bd3dcdfd74726b2cee87d3c147500;e9f8d9a4f29547888a8ed29a05388356
core,rf,nf_unsw_v2,lycos18,cross,0.293579370158369,0.041355477392810876,0.35267160262328695,-0.2912108041552028,0.426794341538182,0.5961419672063774,0.014498515486266454,0.04806954266679684,0.005257585217811254,0.050356283756356444,0.010445981704672109,0.008344713217554008,3,be2a68d4070847eea6b5c8d2894b7e49;d89bd3dcdfd74726b2cee87d3c147500;e9f8d9a4f29547888a8ed29a05388356
core,rf,nf_unsw_v2,nf_cse_cic18_v2,cross,0.3800019580328297,0.14578123746647556,0.14434537045356127,-0.21355717876854952,0.9975176494903676,0.1512734286849794,0.010215832357663142,0.0513459669989056,0.0009234749830827625,0.041274775800981746,0.0008381339478835381,0.0032148689378822615,3,be2a68d4070847eea6b5c8d2894b7e49;d89bd3dcdfd74726b2cee87d3c147500;e9f8d9a4f29547888a8ed29a05388356
core,rf,nf_unsw_v2,nf_ton_v2,cross,0.02987317043256964,0.14317296798961576,0.6868482909776695,0.18867350429702515,0.7611920358653256,0.6191089706867774,0.0004057864328359905,0.005782080017157573,0.017127995525143307,0.006207432282579162,0.15969058199394665,0.04417480953388822,3,be2a68d4070847eea6b5c8d2894b7e49;d89bd3dcdfd74726b2cee87d3c147500;e9f8d9a4f29547888a8ed29a05388356
core,rf,nf_unsw_v2,nf_unsw_v2,within,0.005428040450848357,0.9479697828139755,0.9526784795478723,0.9192857584438635,0.005553544276301499,0.9984095111333365,6.843553147856952e-05,8.177765852553392e-05,0.0016850946174999928,0.0006347883122351999,2.1721815943813103e-05,2.3615729603526968e-05,3,be2a68d4070847eea6b5c8d2894b7e49;d89bd3dcdfd74726b2cee87d3c147500;e9f8d9a4f29547888a8ed29a05388356
core,xgb,lycos17,lycos17,within,6.256049047424532e-05,0.814460487943666,0.9968173603199467,0.8854261620968797,0.0028336222155981704,0.999418498738562,0.0,0.0,0.0,0.0,0.0,0.0,3,1eff4a80fd4247d097e9c5182c7f56f0;4b14033f573f4237881122819a14d58f;a3a8966dfade4c2da692b0b8727e0b34
core,xgb,lycos17,lycos18,cross,0.00031182967729702186,0.0,0.5800327613802999,-0.010067438969881607,0.22277378793804292,0.8008322309746708,0.0,0.0,0.0,0.0,0.0,0.0,3,1eff4a80fd4247d097e9c5182c7f56f0;4b14033f573f4237881122819a14d58f;a3a8966dfade4c2da692b0b8727e0b34
core,xgb,lycos17,nf_cse_cic18_v2,cross,0.0,0.0,0.26576255798470727,0.0,0.904761283164181,0.43857815121646465,0.0,0.0,0.0,0.0,0.0,0.0,3,1eff4a80fd4247d097e9c5182c7f56f0;4b14033f573f4237881122819a14d58f;a3a8966dfade4c2da692b0b8727e0b34
core,xgb,lycos17,nf_ton_v2,cross,0.0,0.0,0.6691536662636075,0.0,0.8862213286552474,0.5538574505651513,0.0,0.0,0.0,0.0,0.0,0.0,3,1eff4a80fd4247d097e9c5182c7f56f0;4b14033f573f4237881122819a14d58f;a3a8966dfade4c2da692b0b8727e0b34
core,xgb,lycos17,nf_unsw_v2,cross,0.0,0.0,0.2976774158240958,0.0,0.845362392295996,0.8036527171858537,0.0,0.0,0.0,0.0,0.0,0.0,3,1eff4a80fd4247d097e9c5182c7f56f0;4b14033f573f4237881122819a14d58f;a3a8966dfade4c2da692b0b8727e0b34
core,xgb,lycos18,lycos17,cross,0.00010304080783993346,0.021054129027669108,0.7253145513071345,0.1301432856054399,0.14108494610597747,0.9504611838057372,0.0,0.0,0.0,0.0,0.0,0.0,3,35874390a3aa44579bd323c987925602;b0c2e06667d54b749bc1626b5f053db8;c5e5f5aed949468cb313493f4199af1a
core,xgb,lycos18,lycos18,within,0.00026516632891290695,0.9508990254275101,0.999790914021291,0.9633933198444545,0.00026516632891290695,0.9999270918432207,0.0,0.0,0.0,0.0,0.0,0.0,3,35874390a3aa44579bd323c987925602;b0c2e06667d54b749bc1626b5f053db8;c5e5f5aed949468cb313493f4199af1a
core,xgb,lycos18,nf_cse_cic18_v2,cross,0.0,0.04377622231289955,0.9569462393715339,0.18362839451890614,0.015974284502170154,0.9847988630765355,0.0,0.0,0.0,0.0,0.0,0.0,3,35874390a3aa44579bd323c987925602;b0c2e06667d54b749bc1626b5f053db8;c5e5f5aed949468cb313493f4199af1a
core,xgb,lycos18,nf_ton_v2,cross,2.6281381612231355e-05,0.00022016025832136975,0.7037177526647286,0.008049803306074079,0.9998094599833113,0.5880764056202206,0.0,0.0,0.0,0.0,0.0,0.0,3,35874390a3aa44579bd323c987925602;b0c2e06667d54b749bc1626b5f053db8;c5e5f5aed949468cb313493f4199af1a
core,xgb,lycos18,nf_unsw_v2,cross,0.0,0.0,0.08801817900910687,0.0,0.9617189197016871,0.6273747554757334,0.0,0.0,0.0,0.0,0.0,0.0,3,35874390a3aa44579bd323c987925602;b0c2e06667d54b749bc1626b5f053db8;c5e5f5aed949468cb313493f4199af1a
core,xgb,nf_cse_cic18_v2,lycos17,cross,0.0,0.0,0.34815637923907183,0.0,0.9868733370869628,0.4661702173138024,0.0,0.0,0.0,0.0,0.0,0.0,3,38c58c54c91440f393a600ad560b2ef0;dec2587d113f49d7b6ac286f944d4339;ec521bed2e164cb3b9260ff37d247a60
core,xgb,nf_cse_cic18_v2,lycos18,cross,7.406880695891255e-07,0.0007185433418573807,0.7720215322886839,0.02198010917916375,0.8540089001078441,0.7590644016102038,0.0,0.0,0.0,0.0,0.0,0.0,3,38c58c54c91440f393a600ad560b2ef0;dec2587d113f49d7b6ac286f944d4339;ec521bed2e164cb3b9260ff37d247a60
core,xgb,nf_cse_cic18_v2,nf_cse_cic18_v2,within,0.0,0.9505006434602468,0.9952608388709349,0.9674962022116361,0.0,0.9965687542595564,0.0,0.0,0.0,0.0,0.0,0.0,3,38c58c54c91440f393a600ad560b2ef0;dec2587d113f49d7b6ac286f944d4339;ec521bed2e164cb3b9260ff37d247a60
core,xgb,nf_cse_cic18_v2,nf_ton_v2,cross,1.9711036209173516e-05,3.669337638689496e-05,0.7455751458699563,0.0015329697649929495,0.9499865307919237,0.6545084163530052,0.0,0.0,0.0,0.0,0.0,0.0,3,38c58c54c91440f393a600ad560b2ef0;dec2587d113f49d7b6ac286f944d4339;ec521bed2e164cb3b9260ff37d247a60
core,xgb,nf_cse_cic18_v2,nf_unsw_v2,cross,0.0001230902903482731,0.0,0.12742199373618057,-0.002446815598583071,0.8386937948012454,0.7014815268159817,0.0,0.0,0.0,0.0,0.0,0.0,3,38c58c54c91440f393a600ad560b2ef0;dec2587d113f49d7b6ac286f944d4339;ec521bed2e164cb3b9260ff37d247a60
core,xgb,nf_ton_v2,lycos17,cross,0.12287984337797209,0.7915570097446475,0.5711749471180713,0.5922244952172133,0.18818931540423278,0.9238473434781455,0.0,0.0,0.0,0.0,0.0,0.0,3,30bf5400d154485f9b8d32d2b51d6431;9bc135df75864589916a1e33e79c8c7a;a0444b48788c4ee68d301ece1208a083
core,xgb,nf_ton_v2,lycos18,cross,0.24310863820054276,0.9423026621492293,0.7805274207288768,0.6561056704583009,0.6358458954029935,0.9129278046565399,0.0,0.0,0.0,0.0,0.0,0.0,3,30bf5400d154485f9b8d32d2b51d6431;9bc135df75864589916a1e33e79c8c7a;a0444b48788c4ee68d301ece1208a083
core,xgb,nf_ton_v2,nf_cse_cic18_v2,cross,0.13629213849818883,0.8344894692237673,0.6085208445663302,0.6471996108296924,0.5468785693306791,0.8837822369825364,0.0,0.0,0.0,0.0,0.0,0.0,3,30bf5400d154485f9b8d32d2b51d6431;9bc135df75864589916a1e33e79c8c7a;a0444b48788c4ee68d301ece1208a083
core,xgb,nf_ton_v2,nf_ton_v2,within,0.03330508084810019,0.9512023960774781,0.9955750226154042,0.9132903824586583,0.03330508084810019,0.9941170440498346,0.0,0.0,0.0,0.0,0.0,0.0,3,30bf5400d154485f9b8d32d2b51d6431;9bc135df75864589916a1e33e79c8c7a;a0444b48788c4ee68d301ece1208a083
core,xgb,nf_ton_v2,nf_unsw_v2,cross,0.03177177612048367,0.403399433427762,0.37138095329216325,0.36731443538049763,0.8740279487365145,0.7979990325689811,0.0,0.0,0.0,0.0,0.0,0.0,3,30bf5400d154485f9b8d32d2b51d6431;9bc135df75864589916a1e33e79c8c7a;a0444b48788c4ee68d301ece1208a083
core,xgb,nf_unsw_v2,lycos17,cross,0.5936880145140337,0.7757130663631836,0.46361860007199795,0.14170841638945755,0.9913776924011084,0.6907392986893658,0.0,0.0,0.0,0.0,0.0,0.0,3,0c93346702974e1798b591c3cf6c65a1;2b48412c1573448aa6b82480221ea8d7;6292f7ccb9884efd8e90d2c007c1e174
core,xgb,nf_unsw_v2,lycos18,cross,0.559678719142935,0.15941507186972056,0.27661316470449226,-0.37870636504116706,0.7257980173261753,0.3519330065856172,0.0,0.0,0.0,0.0,0.0,0.0,3,0c93346702974e1798b591c3cf6c65a1;2b48412c1573448aa6b82480221ea8d7;6292f7ccb9884efd8e90d2c007c1e174
core,xgb,nf_unsw_v2,nf_cse_cic18_v2,cross,0.6604640537806351,0.07384621823241994,0.18888204512226467,-0.4998931867684587,0.9989100283914759,0.08661089291438107,0.0,0.0,0.0,0.0,0.0,0.0,3,0c93346702974e1798b591c3cf6c65a1;2b48412c1573448aa6b82480221ea8d7;6292f7ccb9884efd8e90d2c007c1e174
core,xgb,nf_unsw_v2,nf_ton_v2,cross,0.10000065703454031,0.2115556615586429,0.6768036872696852,0.1476272668616156,0.9190204929073121,0.4759713360902329,0.0,0.0,0.0,0.0,0.0,0.0,3,0c93346702974e1798b591c3cf6c65a1;2b48412c1573448aa6b82480221ea8d7;6292f7ccb9884efd8e90d2c007c1e174
core,xgb,nf_unsw_v2,nf_unsw_v2,within,0.005140829773369053,0.9467422096317281,0.954789866158924,0.921203311261093,0.005444935196582433,0.9984840433878404,0.0,0.0,0.0,0.0,0.0,0.0,3,0c93346702974e1798b591c3cf6c65a1;2b48412c1573448aa6b82480221ea8d7;6292f7ccb9884efd8e90d2c007c1e174
