cfg_hash,run_id,model,track,source,target,kind,seed,threshold,fpr_at_thr,dr_at_thr,pr_auc,mcc_at_thr,roc_auc,oracle_fpr_at_dr,n,n_attack
4ad64734a7,a5a1956315b04ff4bee9ee9358f5095d,lda,cic77,lycos17,lycos17,within,0,0.9999281167984009,0.00551268321943644,0.8270858524788391,0.9585220409907073,0.876015266519823,0.9898727071842848,0.038603502651460786,327973,56236
4ad64734a7,a5a1956315b04ff4bee9ee9358f5095d,lda,cic77,lycos17,lycos18,cross,0,0.9999281167984009,0.05037049217240848,0.002415659628942372,0.2962082229295626,-0.12257195435113258,0.47863114380750815,0.8702373757125419,2000022,649926
4ad64734a7,c8c0d35bc423468faf6072a9e3bc00fd,lda,cic77,lycos17,lycos17,within,1,0.9999281167984009,0.00551268321943644,0.8270858524788391,0.9585220409907073,0.876015266519823,0.9898727071842848,0.038603502651460786,327973,56236
4ad64734a7,c8c0d35bc423468faf6072a9e3bc00fd,lda,cic77,lycos17,lycos18,cross,1,0.9999281167984009,0.05037049217240848,0.002415659628942372,0.2962082229295626,-0.12257195435113258,0.47863114380750815,0.8702373757125419,2000022,649926
4ad64734a7,427b6bf26cef4b3b949182e870ce6f82,lda,cic77,lycos17,lycos17,within,2,0.9999281167984009,0.00551268321943644,0.8270858524788391,0.9585220409907073,0.876015266519823,0.9898727071842848,0.038603502651460786,327973,56236
4ad64734a7,427b6bf26cef4b3b949182e870ce6f82,lda,cic77,lycos17,lycos18,cross,2,0.9999281167984009,0.05037049217240848,0.002415659628942372,0.2962082229295626,-0.12257195435113258,0.47863114380750815,0.8702373757125419,2000022,649926
2475d50fbf,2b081146de394b149d3a4ed41987108c,lda,cic77,lycos18,lycos17,cross,0,0.5164188742637634,0.1609791820767875,0.8226047371790313,0.6635646656759537,0.5588596731633153,0.9202077639914276,0.2674166565465873,327973,56236
2475d50fbf,2b081146de394b149d3a4ed41987108c,lda,cic77,lycos18,lycos18,within,0,0.5164188742637634,0.013031665896351075,0.9500327729618449,0.9917216196863966,0.9427346452187129,0.9970287991656539,0.013031665896351075,2000022,649926
2475d50fbf,7ed7612b57b5496286ca3d72061aca80,lda,cic77,lycos18,lycos17,cross,1,0.5164188742637634,0.1609791820767875,0.8226047371790313,0.6635646656759537,0.5588596731633153,0.9202077639914276,0.2674166565465873,327973,56236
2475d50fbf,7ed7612b57b5496286ca3d72061aca80,lda,cic77,lycos18,lycos18,within,1,0.5164188742637634,0.013031665896351075,0.9500327729618449,0.9917216196863966,0.9427346452187129,0.9970287991656539,0.013031665896351075,2000022,649926
2475d50fbf,7bd389db83ef410d8ee6fd0eb65d2799,lda,cic77,lycos18,lycos17,cross,2,0.5164188742637634,0.1609791820767875,0.8226047371790313,0.6635646656759537,0.5588596731633153,0.9202077639914276,0.2674166565465873,327973,56236
2475d50fbf,7bd389db83ef410d8ee6fd0eb65d2799,lda,cic77,lycos18,lycos18,within,2,0.5164188742637634,0.013031665896351075,0.9500327729618449,0.9917216196863966,0.9427346452187129,0.9970287991656539,0.013031665896351075,2000022,649926
3d54743ff8,52fc0044fdc945bb9fa0946b0f1c456e,dt,cic77,lycos17,lycos17,within,0,0.9999920167415447,0.0031022643217522823,0.908243829575361,0.9833933414917087,0.9346261463683874,0.9972023659746508,0.003146424667969397,327973,56236
3d54743ff8,52fc0044fdc945bb9fa0946b0f1c456e,dt,cic77,lycos17,lycos18,cross,0,0.9999920167415447,0.023357598274493074,0.028438622243147683,0.3444457153439713,0.01523998754963884,0.539023491967717,0.8908522060653464,2000022,649926
cdbb64cf68,c691740e2eaf482b87759126a1299272,rf,cic77,lycos17,lycos17,within,0,0.9999943833041738,0.002112336560718636,0.8688562486663347,0.9864973475913357,0.9130885641959499,0.9985820832672018,0.002848342331003875,327973,56236
cdbb64cf68,c691740e2eaf482b87759126a1299272,rf,cic77,lycos17,lycos18,cross,0,0.9999943833041738,1.0369632974247757e-05,0.0,0.4558750033194628,-0.001835683404423603,0.6658395932665209,1.0,2000022,649926
11c9468206,8442a7e79235410d994cfdd1b895a642,xgb,cic77,lycos17,lycos17,within,0,0.999984622001648,0.0012512098094849063,0.8298598762358631,0.9972323065597977,0.8912900784260787,0.9994891599583117,0.002918262879180973,327973,56236
11c9468206,8442a7e79235410d994cfdd1b895a642,xgb,cic77,lycos17,lycos18,cross,0,0.999984622001648,6.66619262630213e-06,0.0,0.5376179321347743,-0.0014718192395072973,0.6831860492879795,0.8491011009587467,2000022,649926
9de1d4756b,624a944f5d484cfc85c26b1fb97e4f2e,mlp,cic77,lycos17,lycos17,within,0,0.9999792575836182,0.0013284904153648565,0.8436055195959883,0.9960866686338313,0.8997087250121015,0.9993423659004116,0.0027968219270839085,327973,56236
9de1d4756b,624a944f5d484cfc85c26b1fb97e4f2e,mlp,cic77,lycos17,lycos18,cross,0,0.9999792575836182,0.0008154975646176272,0.0006462274166597428,0.27692837687454525,-0.00287592703015321,0.4205060105671464,0.8387759092686742,2000022,649926
f9b70ede4a,481b67e3663d4c6babb989d997d6a15c,ae,cic77,lycos17,lycos17,within,0,0.5556723475456238,0.0395051097200602,0.9391315171776087,0.9069253837271817,0.857909732244025,0.9852431239618284,0.043343379812097724,327973,56236
f9b70ede4a,481b67e3663d4c6babb989d997d6a15c,ae,cic77,lycos17,lycos18,cross,0,0.5556723475456238,0.6809812042995461,0.46658234937515963,0.26737528934905314,-0.2060011247997572,0.40350960936795854,0.8576856756852846,2000022,649926
7f2cf13086,51e68607b52a4a4783a4e36ce4b1f752,tabnet,cic77,lycos17,lycos17,within,0,0.9998873472213745,0.0025392199074840745,0.8569777366811295,0.9763276243281469,0.9042975482823664,0.9955747749584158,0.0029513831388438085,327973,56236
7f2cf13086,51e68607b52a4a4783a4e36ce4b1f752,tabnet,cic77,lycos17,lycos18,cross,0,0.9998873472213745,0.010515548523956815,0.000672384240667399,0.47150791791499225,-0.05409346392031024,0.755374031394706,0.41345874663727616,2000022,649926
