model,source,lycos17,lycos18
ae,lycos17,5.07 ± 1.96,71.24 ± 4.19
ae,lycos18,78.64 ± 1.08,19.14 ± 2.40
dt,lycos17,0.31 ± 0.00,2.36 ± 0.02
dt,lycos18,2.03 ± 0.22,0.03 ± 0.00
lda,lycos17,0.55 ± 0.00,5.04 ± 0.00
lda,lycos18,16.10 ± 0.00,1.30 ± 0.00
mlp,lycos17,0.14 ± 0.01,0.19 ± 0.19
mlp,lycos18,1.41 ± 0.12,0.02 ± 0.00
rf,lycos17,0.21 ± 0.01,0.00 ± 0.00
rf,lycos18,0.00 ± 0.00,0.02 ± 0.00
tabnet,lycos17,0.21 ± 0.06,0.45 ± 0.52
tabnet,lycos18,2.06 ± 1.12,0.02 ± 0.00
xgb,lycos17,0.13 ± 0.00,0.00 ± 0.00
xgb,lycos18,0.14 ± 0.00,0.02 ± 0.00
