column,dtype,nulls,nans,infs
dst_port,Float32,0,0,0
ip_prot,Float32,0,0,0
flow_duration,Float32,0,0,0
down_up_ratio,Float32,0,0,0
pkt_len_max,Float32,0,0,0
pkt_len_min,Float32,0,0,0
pkt_len_mean,Float32,0,0,0
pkt_len_var,Float32,0,0,0
pkt_len_std,Float32,0,0,0
bytes_per_s,Float32,0,0,0
pkt_per_s,Float32,0,0,0
fwd_pkt_per_s,Float32,0,0,0
bwd_pkt_per_s,Float32,0,0,0
fwd_pkt_cnt,Float32,0,0,0
fwd_pkt_len_tot,Float32,0,0,0
fwd_pkt_len_max,Float32,0,0,0
fwd_pkt_len_min,Float32,0,0,0
fwd_pkt_len_mean,Float32,0,0,0
fwd_pkt_len_std,Float32,0,0,0
fwd_pkt_hdr_len_tot,Float32,0,0,0
fwd_pkt_hdr_len_min,Float32,0,0,0
fwd_non_empty_pkt_cnt,Float32,0,0,0
bwd_pkt_cnt,Float32,0,0,0
bwd_pkt_len_tot,Float32,0,0,0
bwd_pkt_len_max,Float32,0,0,0
bwd_pkt_len_min,Float32,0,0,0
bwd_pkt_len_mean,Float32,0,0,0
bwd_pkt_len_std,Float32,0,0,0
bwd_pkt_hdr_len_tot,Float32,0,0,0
bwd_pkt_hdr_len_min,Float32,0,0,0
bwd_non_empty_pkt_cnt,Float32,0,0,0
iat_max,Float32,0,0,0
iat_min,Float32,0,0,0
iat_mean,Float32,0,0,0
iat_std,Float32,0,0,0
fwd_iat_tot,Float32,0,0,0
fwd_iat_max,Float32,0,0,0
fwd_iat_min,Float32,0,0,0
fwd_iat_mean,Float32,0,0,0
fwd_iat_std,Float32,0,0,0
bwd_iat_tot,Float32,0,0,0
bwd_iat_max,Float32,0,0,0
bwd_iat_min,Float32,0,0,0
bwd_iat_mean,Float32,0,0,0
bwd_iat_std,Float32,0,0,0
active_max,Float32,0,0,0
active_min,Float32,0,0,0
active_mean,Float32,0,0,0
active_std,Float32,0,0,0
idle_max,Float32,0,0,0
idle_min,Float32,0,0,0
idle_mean,Float32,0,0,0
idle_std,Float32,0,0,0
flag_syn,Float32,0,0,0
flag_fin,Float32,0,0,0
flag_rst,Float32,0,0,0
flag_ack,Float32,0,0,0
flag_psh,Float32,0,0,0
fwd_flag_psh,Float32,0,0,0
bwd_flag_psh,Float32,0,0,0
flag_urg,Float32,0,0,0
fwd_flag_urg,Float32,0,0,0
bwd_flag_urg,Float32,0,0,0
flag_cwr,Float32,0,0,0
flag_ece,Float32,0,0,0
fwd_bulk_bytes_mean,Float32,0,0,0
fwd_bulk_pkt_mean,Float32,0,0,0
fwd_bulk_rate_mean,Float32,0,0,0
bwd_bulk_bytes_mean,Float32,0,0,0
bwd_bulk_pkt_mean,Float32,0,0,0
bwd_bulk_rate_mean,Float32,0,0,0
fwd_subflow_bytes_mean,Float32,0,0,0
fwd_subflow_pkt_mean,Float32,0,0,0
bwd_subflow_bytes_mean,Float32,0,0,0
bwd_subflow_pkt_mean,Float32,0,0,0
fwd_tcp_init_win_bytes,Float32,0,0,0
bwd_tcp_init_win_bytes,Float32,0,0,0
label,String,0,0,0
source_file,String,0,0,0
