dataset,family,train,val,test
cic17_orig,Benign,1243936,414491,414532
cic17_orig,DoS,116099,38915,38567
cic17_orig,DDoS,76790,25516,25707
cic17_orig,Recon,54299,18001,17955
cic17_orig,BruteForce,5404,1908,1840
cic17_orig,WebAttack,1301,434,408
cic17_orig,Bot/Backdoor,1185,393,375
cic17_orig,Other,26,12,9
lycos17,Benign,753594,235392,271737
lycos17,DoS,100674,45233,29783
lycos17,Recon,62840,20071,8472
lycos17,DDoS,55149,24523,16011
lycos17,BruteForce,4225,1375,1357
lycos17,WebAttack,1198,371,464
lycos17,Bot/Backdoor,440,148,147
lycos17,Other,7,2,2
lycos17__random,Benign,756639,251991,252093
lycos17__random,DoS,105465,35075,35150
lycos17__random,DDoS,57486,19244,18953
lycos17__random,Recon,54919,18174,18290
lycos17__random,BruteForce,4097,1396,1464
lycos17__random,WebAttack,1206,399,428
lycos17__random,Bot/Backdoor,450,141,144
lycos17__random,Other,4,2,5
lycos18,Benign,4246014,1414655,1413451
lycos18,DoS,1103020,367119,368738
lycos18,DDoS,818733,273836,273517
lycos18,Bot/Backdoor,57479,19389,19232
lycos18,BruteForce,55539,18433,18648
lycos18,WebAttack,245,88,93
nf_cse_cic18_v2,Benign,917355,305546,306430
nf_cse_cic18_v2,DoS,203269,67713,67773
nf_cse_cic18_v2,DDoS,67704,22455,22539
nf_cse_cic18_v2,BruteForce,8922,2858,2940
nf_cse_cic18_v2,Other,6391,2150,2204
nf_cse_cic18_v2,Bot/Backdoor,297,97,78
nf_cse_cic18_v2,WebAttack,130,42,43
nf_ton_v2,Benign,457412,152234,152199
nf_ton_v2,WebAttack,198877,65862,66651
nf_ton_v2,Recon,175184,58218,58403
nf_ton_v2,DDoS,140212,46576,46722
nf_ton_v2,BruteForce,107517,36181,36119
nf_ton_v2,DoS,27577,9340,9373
nf_ton_v2,Other,2146,716,733
nf_ton_v2,Bot/Backdoor,62,33,22
nf_unsw_v2,Benign,414610,137835,138110
nf_unsw_v2,Other,19409,6690,6272
nf_unsw_v2,DoS,1812,580,643
nf_unsw_v2,Recon,359,118,107
nf_unsw_v2,Bot/Backdoor,111,46,38
nfs17,Benign,321511,108490,117351
nfs17,DDoS,54414,24167,15745
nfs17,DoS,42801,8157,8084
nfs17,Recon,3765,185,184
nfs17,Bot/Backdoor,357,121,117
nfs17,Other,1,0,0
nfs18,DoS,1080840,360518,360284
nfs18,Benign,58374,19254,19281
